
Lighting.elf:     file format elf32-avr

Sections:
Idx Name          Size      VMA       LMA       File off  Algn
  0 .text         000015a6  00000000  00000000  00000094  2**1
                  CONTENTS, ALLOC, LOAD, READONLY, CODE
  1 .data         00000040  00800060  000015a6  0000163a  2**0
                  CONTENTS, ALLOC, LOAD, DATA
  2 .bss          00000020  008000a0  008000a0  0000167a  2**0
                  ALLOC
  3 .comment      00000030  00000000  00000000  0000167a  2**0
                  CONTENTS, READONLY
  4 .note.gnu.avr.deviceinfo 0000003c  00000000  00000000  000016ac  2**2
                  CONTENTS, READONLY
  5 .debug_aranges 00000470  00000000  00000000  000016e8  2**0
                  CONTENTS, READONLY, DEBUGGING
  6 .debug_info   00004730  00000000  00000000  00001b58  2**0
                  CONTENTS, READONLY, DEBUGGING
  7 .debug_abbrev 00001560  00000000  00000000  00006288  2**0
                  CONTENTS, READONLY, DEBUGGING
  8 .debug_line   00002d57  00000000  00000000  000077e8  2**0
                  CONTENTS, READONLY, DEBUGGING
  9 .debug_frame  00000ca0  00000000  00000000  0000a540  2**2
                  CONTENTS, READONLY, DEBUGGING
 10 .debug_str    00001d15  00000000  00000000  0000b1e0  2**0
                  CONTENTS, READONLY, DEBUGGING
 11 .debug_loc    000032e7  00000000  00000000  0000cef5  2**0
                  CONTENTS, READONLY, DEBUGGING
 12 .debug_ranges 00000420  00000000  00000000  000101dc  2**0
                  CONTENTS, READONLY, DEBUGGING

Disassembly of section .text:

00000000 <__vectors>:
       0:	0c 94 51 00 	jmp	0xa2	; 0xa2 <__ctors_end>
       4:	0c 94 41 04 	jmp	0x882	; 0x882 <__vector_1>
       8:	0c 94 65 04 	jmp	0x8ca	; 0x8ca <__vector_2>
       c:	0c 94 89 04 	jmp	0x912	; 0x912 <__vector_3>
      10:	0c 94 6e 00 	jmp	0xdc	; 0xdc <__bad_interrupt>
      14:	0c 94 6e 00 	jmp	0xdc	; 0xdc <__bad_interrupt>
      18:	0c 94 19 05 	jmp	0xa32	; 0xa32 <__vector_6>
      1c:	0c 94 3d 05 	jmp	0xa7a	; 0xa7a <__vector_7>
      20:	0c 94 61 05 	jmp	0xac2	; 0xac2 <__vector_8>
      24:	0c 94 85 05 	jmp	0xb0a	; 0xb0a <__vector_9>
      28:	0c 94 d1 04 	jmp	0x9a2	; 0x9a2 <__vector_10>
      2c:	0c 94 f5 04 	jmp	0x9ea	; 0x9ea <__vector_11>
      30:	0c 94 6e 00 	jmp	0xdc	; 0xdc <__bad_interrupt>
      34:	0c 94 6e 00 	jmp	0xdc	; 0xdc <__bad_interrupt>
      38:	0c 94 6e 00 	jmp	0xdc	; 0xdc <__bad_interrupt>
      3c:	0c 94 6e 00 	jmp	0xdc	; 0xdc <__bad_interrupt>
      40:	0c 94 ad 04 	jmp	0x95a	; 0x95a <__vector_16>
      44:	0c 94 6e 00 	jmp	0xdc	; 0xdc <__bad_interrupt>
      48:	0c 94 6e 00 	jmp	0xdc	; 0xdc <__bad_interrupt>
      4c:	0c 94 f5 03 	jmp	0x7ea	; 0x7ea <__vector_19>
      50:	0c 94 6e 00 	jmp	0xdc	; 0xdc <__bad_interrupt>
      54:	c6 00       	.word	0x00c6	; ????
      56:	cb 00       	.word	0x00cb	; ????
      58:	d0 00       	.word	0x00d0	; ????
      5a:	d5 00       	.word	0x00d5	; ????
      5c:	da 00       	.word	0x00da	; ????
      5e:	df 00       	.word	0x00df	; ????
      60:	e4 00       	.word	0x00e4	; ????
      62:	e9 00       	.word	0x00e9	; ????
      64:	ee 00       	.word	0x00ee	; ????
      66:	f3 00       	.word	0x00f3	; ????
      68:	f8 00       	.word	0x00f8	; ????
      6a:	fd 00       	.word	0x00fd	; ????
      6c:	02 01       	movw	r0, r4
      6e:	07 01       	movw	r0, r14
      70:	0c 01       	movw	r0, r24
      72:	11 01       	movw	r2, r2
      74:	a6 01       	movw	r20, r12
      76:	b0 01       	movw	r22, r0
      78:	ba 01       	movw	r22, r20
      7a:	c4 01       	movw	r24, r8
      7c:	ce 01       	movw	r24, r28
      7e:	d8 01       	movw	r26, r16
      80:	e2 01       	movw	r28, r4
      82:	f9 01       	movw	r30, r18
      84:	06 02       	muls	r16, r22
      86:	13 02       	muls	r17, r19
      88:	20 02       	muls	r18, r16
      8a:	2d 02       	muls	r18, r29
      8c:	3a 02       	muls	r19, r26
      8e:	47 02       	muls	r20, r23
      90:	54 02       	muls	r21, r20
      92:	6d 02       	muls	r22, r29
      94:	71 02       	muls	r23, r17
      96:	75 02       	muls	r23, r21
      98:	79 02       	muls	r23, r25
      9a:	7d 02       	muls	r23, r29
      9c:	81 02       	muls	r24, r17
      9e:	85 02       	muls	r24, r21
      a0:	89 02       	muls	r24, r25

000000a2 <__ctors_end>:
      a2:	11 24       	eor	r1, r1
      a4:	1f be       	out	0x3f, r1	; 63
      a6:	cf e5       	ldi	r28, 0x5F	; 95
      a8:	d8 e0       	ldi	r29, 0x08	; 8
      aa:	de bf       	out	0x3e, r29	; 62
      ac:	cd bf       	out	0x3d, r28	; 61

000000ae <__do_copy_data>:
      ae:	10 e0       	ldi	r17, 0x00	; 0
      b0:	a0 e6       	ldi	r26, 0x60	; 96
      b2:	b0 e0       	ldi	r27, 0x00	; 0
      b4:	e6 ea       	ldi	r30, 0xA6	; 166
      b6:	f5 e1       	ldi	r31, 0x15	; 21
      b8:	02 c0       	rjmp	.+4      	; 0xbe <__do_copy_data+0x10>
      ba:	05 90       	lpm	r0, Z+
      bc:	0d 92       	st	X+, r0
      be:	a0 3a       	cpi	r26, 0xA0	; 160
      c0:	b1 07       	cpc	r27, r17
      c2:	d9 f7       	brne	.-10     	; 0xba <__do_copy_data+0xc>

000000c4 <__do_clear_bss>:
      c4:	20 e0       	ldi	r18, 0x00	; 0
      c6:	a0 ea       	ldi	r26, 0xA0	; 160
      c8:	b0 e0       	ldi	r27, 0x00	; 0
      ca:	01 c0       	rjmp	.+2      	; 0xce <.do_clear_bss_start>

000000cc <.do_clear_bss_loop>:
      cc:	1d 92       	st	X+, r1

000000ce <.do_clear_bss_start>:
      ce:	a0 3c       	cpi	r26, 0xC0	; 192
      d0:	b2 07       	cpc	r27, r18
      d2:	e1 f7       	brne	.-8      	; 0xcc <.do_clear_bss_loop>
      d4:	0e 94 b1 00 	call	0x162	; 0x162 <main>
      d8:	0c 94 d1 0a 	jmp	0x15a2	; 0x15a2 <_exit>

000000dc <__bad_interrupt>:
      dc:	0c 94 00 00 	jmp	0	; 0x0 <__vectors>

000000e0 <application_intialize>:
 * @brief Initializes application services and I2C slave.
 */
void application_intialize(void) {
    Std_ReturnType ret = E_OK;
    
    Lighting_Services_Initialize();  /**< Initialize lighting hardware */
      e0:	0e 94 c7 08 	call	0x118e	; 0x118e <Lighting_Services_Initialize>
    Break_Light_Defult();           /**< Set default brake light state */
      e4:	0e 94 f6 08 	call	0x11ec	; 0x11ec <Break_Light_Defult>
    LDR_Services_Initialize();      /**< Initialize light-dependent resistor service */
      e8:	0e 94 b2 08 	call	0x1164	; 0x1164 <LDR_Services_Initialize>
    i2c_init(&slave_i2c_obj);       /**< Configure and initialize I2C */
      ec:	80 e6       	ldi	r24, 0x60	; 96
      ee:	90 e0       	ldi	r25, 0x00	; 0
      f0:	0e 94 c7 03 	call	0x78e	; 0x78e <i2c_init>
      f4:	08 95       	ret

000000f6 <func>:
 * @brief Blinks LED connected to PC7 for debug signaling.
 * 
 * @param var Number of blink cycles.
 */
void func(uint8 var) {
	DDRC |= (1 << 7);  /**< Set PC7 as output without changing other bits */
      f6:	94 b3       	in	r25, 0x14	; 20
      f8:	90 68       	ori	r25, 0x80	; 128
      fa:	94 bb       	out	0x14, r25	; 20
	for(uint8 counter = 0; counter < var; counter++) {
      fc:	20 e0       	ldi	r18, 0x00	; 0
      fe:	19 c0       	rjmp	.+50     	; 0x132 <func+0x3c>
		PORTC |= (1 << 7);   /**< Turn LED ON (PC7 = 1) */
     100:	95 b3       	in	r25, 0x15	; 21
     102:	90 68       	ori	r25, 0x80	; 128
     104:	95 bb       	out	0x15, r25	; 21
	#else
		//round up by default
		__ticks_dc = (uint32_t)(ceil(fabs(__tmp)));
	#endif

	__builtin_avr_delay_cycles(__ticks_dc);
     106:	3f ef       	ldi	r19, 0xFF	; 255
     108:	41 ee       	ldi	r20, 0xE1	; 225
     10a:	94 e0       	ldi	r25, 0x04	; 4
     10c:	31 50       	subi	r19, 0x01	; 1
     10e:	40 40       	sbci	r20, 0x00	; 0
     110:	90 40       	sbci	r25, 0x00	; 0
     112:	e1 f7       	brne	.-8      	; 0x10c <func+0x16>
     114:	00 c0       	rjmp	.+0      	; 0x116 <func+0x20>
     116:	00 00       	nop
		_delay_ms(100);
		PORTC &= ~(1 << 7);  /**< Turn LED OFF (PC7 = 0) */
     118:	95 b3       	in	r25, 0x15	; 21
     11a:	9f 77       	andi	r25, 0x7F	; 127
     11c:	95 bb       	out	0x15, r25	; 21
     11e:	3f ef       	ldi	r19, 0xFF	; 255
     120:	41 ee       	ldi	r20, 0xE1	; 225
     122:	94 e0       	ldi	r25, 0x04	; 4
     124:	31 50       	subi	r19, 0x01	; 1
     126:	40 40       	sbci	r20, 0x00	; 0
     128:	90 40       	sbci	r25, 0x00	; 0
     12a:	e1 f7       	brne	.-8      	; 0x124 <func+0x2e>
     12c:	00 c0       	rjmp	.+0      	; 0x12e <func+0x38>
     12e:	00 00       	nop
 * 
 * @param var Number of blink cycles.
 */
void func(uint8 var) {
	DDRC |= (1 << 7);  /**< Set PC7 as output without changing other bits */
	for(uint8 counter = 0; counter < var; counter++) {
     130:	2f 5f       	subi	r18, 0xFF	; 255
     132:	28 17       	cp	r18, r24
     134:	28 f3       	brcs	.-54     	; 0x100 <func+0xa>
		PORTC |= (1 << 7);   /**< Turn LED ON (PC7 = 1) */
		_delay_ms(100);
		PORTC &= ~(1 << 7);  /**< Turn LED OFF (PC7 = 0) */
		_delay_ms(100);
	}
}
     136:	08 95       	ret

00000138 <i2c_slave_interrupt_handler>:
/**
 * @brief I2C interrupt service routine for slave.
 *        Stores received data and invokes an LED blink test.
 */
void i2c_slave_interrupt_handler(void) {
    i2c_state = (TWSR & I2C_STATUS_MASK);  /**< Store current I2C status */
     138:	81 b1       	in	r24, 0x01	; 1
     13a:	88 7f       	andi	r24, 0xF8	; 248
     13c:	80 93 a0 00 	sts	0x00A0, r24	; 0x8000a0 <__data_end>
    
    if ((0xC0 == TWDR) || (0xA0 == i2c_state)) {
     140:	83 b1       	in	r24, 0x03	; 3
     142:	80 3c       	cpi	r24, 0xC0	; 192
     144:	69 f0       	breq	.+26     	; 0x160 <i2c_slave_interrupt_handler+0x28>
     146:	80 91 a0 00 	lds	r24, 0x00A0	; 0x8000a0 <__data_end>
     14a:	80 3a       	cpi	r24, 0xA0	; 160
     14c:	49 f0       	breq	.+18     	; 0x160 <i2c_slave_interrupt_handler+0x28>
        /* Do nothing on stop or NACK condition */
    } else {
        rx_buffer = TWDR;  /**< Read received data from master */
     14e:	83 b1       	in	r24, 0x03	; 3
     150:	80 93 bf 00 	sts	0x00BF, r24	; 0x8000bf <rx_buffer>
        func(1);           /**< Blink LED to indicate reception */
     154:	81 e0       	ldi	r24, 0x01	; 1
     156:	0e 94 7b 00 	call	0xf6	; 0xf6 <func>
		i2c_state = 0xA0;
     15a:	80 ea       	ldi	r24, 0xA0	; 160
     15c:	80 93 a0 00 	sts	0x00A0, r24	; 0x8000a0 <__data_end>
     160:	08 95       	ret

00000162 <main>:
    }
}

/*----------------------------- Main Function ------------------------------*/
int main(void) {
    application_intialize();  /**< Initialize subsystems */
     162:	0e 94 70 00 	call	0xe0	; 0xe0 <application_intialize>
    rx_buffer = 0;            /**< Set default buffer value */
     166:	10 92 bf 00 	sts	0x00BF, r1	; 0x8000bf <rx_buffer>
    func(3);                  /**< Blink 3 times on startup */
     16a:	83 e0       	ldi	r24, 0x03	; 3
     16c:	0e 94 7b 00 	call	0xf6	; 0xf6 <func>
    
    while (1) {
        /* Check rx_buffer and take corresponding action */
        switch(rx_buffer) {
     170:	e0 91 bf 00 	lds	r30, 0x00BF	; 0x8000bf <rx_buffer>
     174:	8e 2f       	mov	r24, r30
     176:	90 e0       	ldi	r25, 0x00	; 0
     178:	fc 01       	movw	r30, r24
     17a:	e0 58       	subi	r30, 0x80	; 128
     17c:	f1 09       	sbc	r31, r1
     17e:	e0 31       	cpi	r30, 0x10	; 16
     180:	f1 05       	cpc	r31, r1
     182:	b0 f7       	brcc	.-20     	; 0x170 <main+0xe>
     184:	e6 5d       	subi	r30, 0xD6	; 214
     186:	ff 4f       	sbci	r31, 0xFF	; 255
     188:	0c 94 cb 0a 	jmp	0x1596	; 0x1596 <__tablejump2__>
            case 0x80:
                Front_Light_Right_ON();
     18c:	0e 94 d0 08 	call	0x11a0	; 0x11a0 <Front_Light_Right_ON>
                rx_buffer = 0; /**< Reset buffer after processing */
     190:	10 92 bf 00 	sts	0x00BF, r1	; 0x8000bf <rx_buffer>
				break;
     194:	ed cf       	rjmp	.-38     	; 0x170 <main+0xe>
            case 0x81:
                Front_Light_Right_OFF();
     196:	0e 94 d5 08 	call	0x11aa	; 0x11aa <Front_Light_Right_OFF>
                rx_buffer = 0; /**< Reset buffer after processing */
     19a:	10 92 bf 00 	sts	0x00BF, r1	; 0x8000bf <rx_buffer>
				break;
     19e:	e8 cf       	rjmp	.-48     	; 0x170 <main+0xe>
            case 0x82:
                Front_Light_Left_ON();
     1a0:	0e 94 da 08 	call	0x11b4	; 0x11b4 <Front_Light_Left_ON>
                rx_buffer = 0; /**< Reset buffer after processing */
     1a4:	10 92 bf 00 	sts	0x00BF, r1	; 0x8000bf <rx_buffer>
				break;
     1a8:	e3 cf       	rjmp	.-58     	; 0x170 <main+0xe>
            case 0x83:
                Front_Light_Left_OFF();
     1aa:	0e 94 df 08 	call	0x11be	; 0x11be <Front_Light_Left_OFF>
                rx_buffer = 0; /**< Reset buffer after processing */ 
     1ae:	10 92 bf 00 	sts	0x00BF, r1	; 0x8000bf <rx_buffer>
				break;
     1b2:	de cf       	rjmp	.-68     	; 0x170 <main+0xe>
            case 0x84:
                Front_Light_ALL_ON();
     1b4:	0e 94 e4 08 	call	0x11c8	; 0x11c8 <Front_Light_ALL_ON>
                rx_buffer = 0; /**< Reset buffer after processing */
     1b8:	10 92 bf 00 	sts	0x00BF, r1	; 0x8000bf <rx_buffer>
				break;
     1bc:	d9 cf       	rjmp	.-78     	; 0x170 <main+0xe>
            case 0x85:
                Front_Light_ALL_OFF();
     1be:	0e 94 ed 08 	call	0x11da	; 0x11da <Front_Light_ALL_OFF>
                rx_buffer = 0; /**< Reset buffer after processing */ 
     1c2:	10 92 bf 00 	sts	0x00BF, r1	; 0x8000bf <rx_buffer>
				break;
     1c6:	d4 cf       	rjmp	.-88     	; 0x170 <main+0xe>
            case 0x86:
                Break_Light_Full();
     1c8:	0e 94 22 09 	call	0x1244	; 0x1244 <Break_Light_Full>
                rx_buffer = 0; /**< Reset buffer after processing */ 
     1cc:	10 92 bf 00 	sts	0x00BF, r1	; 0x8000bf <rx_buffer>
				break;
     1d0:	cf cf       	rjmp	.-98     	; 0x170 <main+0xe>
            case 0x87:
                Break_Light_Defult();
     1d2:	0e 94 f6 08 	call	0x11ec	; 0x11ec <Break_Light_Defult>
                rx_buffer = 0; /**< Reset buffer after processing */ 
     1d6:	10 92 bf 00 	sts	0x00BF, r1	; 0x8000bf <rx_buffer>
				break;
     1da:	ca cf       	rjmp	.-108    	; 0x170 <main+0xe>
            case 0x88:
                Hazard_Light_Right_ON();
     1dc:	0e 94 4e 09 	call	0x129c	; 0x129c <Hazard_Light_Right_ON>
                rx_buffer = 0; /**< Reset buffer after processing */ 
     1e0:	10 92 bf 00 	sts	0x00BF, r1	; 0x8000bf <rx_buffer>
				break;
     1e4:	c5 cf       	rjmp	.-118    	; 0x170 <main+0xe>
            case 0x89:
                Hazard_Light_Right_OFF();
     1e6:	0e 94 7b 09 	call	0x12f6	; 0x12f6 <Hazard_Light_Right_OFF>
                rx_buffer = 0; /**< Reset buffer after processing */ 
     1ea:	10 92 bf 00 	sts	0x00BF, r1	; 0x8000bf <rx_buffer>
				break;
     1ee:	c0 cf       	rjmp	.-128    	; 0x170 <main+0xe>
            case 0x8A:
                Hazard_Light_Left_ON();
     1f0:	0e 94 a4 09 	call	0x1348	; 0x1348 <Hazard_Light_Left_ON>
                rx_buffer = 0; /**< Reset buffer after processing */ 
     1f4:	10 92 bf 00 	sts	0x00BF, r1	; 0x8000bf <rx_buffer>
				break;
     1f8:	bb cf       	rjmp	.-138    	; 0x170 <main+0xe>
            case 0x8B:
                Hazard_Light_Left_OFF();
     1fa:	0e 94 d1 09 	call	0x13a2	; 0x13a2 <Hazard_Light_Left_OFF>
                rx_buffer = 0; /**< Reset buffer after processing */ 
     1fe:	10 92 bf 00 	sts	0x00BF, r1	; 0x8000bf <rx_buffer>
				break;
     202:	b6 cf       	rjmp	.-148    	; 0x170 <main+0xe>
            case 0x8C:
                Hazard_Light_ALL_ON();
     204:	0e 94 fa 09 	call	0x13f4	; 0x13f4 <Hazard_Light_ALL_ON>
                rx_buffer = 0; /**< Reset buffer after processing */ 
     208:	10 92 bf 00 	sts	0x00BF, r1	; 0x8000bf <rx_buffer>
				break;
     20c:	b1 cf       	rjmp	.-158    	; 0x170 <main+0xe>
            case 0x8D:
                Hazard_Light_ALL_OFF();
     20e:	0e 94 28 0a 	call	0x1450	; 0x1450 <Hazard_Light_ALL_OFF>
                rx_buffer = 0; /**< Reset buffer after processing */
     212:	10 92 bf 00 	sts	0x00BF, r1	; 0x8000bf <rx_buffer>
				break;
     216:	ac cf       	rjmp	.-168    	; 0x170 <main+0xe>
            case 0x8E:
                Hazard_Light_Emergancy_ON();
     218:	0e 94 52 0a 	call	0x14a4	; 0x14a4 <Hazard_Light_Emergancy_ON>
                rx_buffer = 0; /**< Reset buffer after processing */ 
     21c:	10 92 bf 00 	sts	0x00BF, r1	; 0x8000bf <rx_buffer>
				break;
     220:	a7 cf       	rjmp	.-178    	; 0x170 <main+0xe>
            case 0x8F:
                Hazard_Light_Emergancy_OFF(); 
     222:	0e 94 80 0a 	call	0x1500	; 0x1500 <Hazard_Light_Emergancy_OFF>
				rx_buffer = 0; /**< Reset buffer after processing */
     226:	10 92 bf 00 	sts	0x00BF, r1	; 0x8000bf <rx_buffer>
				break;
     22a:	a2 cf       	rjmp	.-188    	; 0x170 <main+0xe>

0000022c <led_intialize>:
     22c:	cf 93       	push	r28
     22e:	df 93       	push	r29
     230:	1f 92       	push	r1
     232:	cd b7       	in	r28, 0x3d	; 61
     234:	de b7       	in	r29, 0x3e	; 62
     236:	00 97       	sbiw	r24, 0x00	; 0
     238:	e1 f0       	breq	.+56     	; 0x272 <led_intialize+0x46>
     23a:	fc 01       	movw	r30, r24
     23c:	20 81       	ld	r18, Z
     23e:	92 2f       	mov	r25, r18
     240:	97 70       	andi	r25, 0x07	; 7
     242:	89 81       	ldd	r24, Y+1	; 0x01
     244:	88 7f       	andi	r24, 0xF8	; 248
     246:	89 2b       	or	r24, r25
     248:	92 2f       	mov	r25, r18
     24a:	92 95       	swap	r25
     24c:	9f 70       	andi	r25, 0x0F	; 15
     24e:	97 70       	andi	r25, 0x07	; 7
     250:	99 0f       	add	r25, r25
     252:	99 0f       	add	r25, r25
     254:	99 0f       	add	r25, r25
     256:	87 7c       	andi	r24, 0xC7	; 199
     258:	89 2b       	or	r24, r25
     25a:	27 fb       	bst	r18, 7
     25c:	22 27       	eor	r18, r18
     25e:	20 f9       	bld	r18, 0
     260:	80 64       	ori	r24, 0x40	; 64
     262:	20 fb       	bst	r18, 0
     264:	87 f9       	bld	r24, 7
     266:	89 83       	std	Y+1, r24	; 0x01
     268:	ce 01       	movw	r24, r28
     26a:	01 96       	adiw	r24, 0x01	; 1
     26c:	0e 94 5d 03 	call	0x6ba	; 0x6ba <gpio_pin_intialize>
     270:	01 c0       	rjmp	.+2      	; 0x274 <led_intialize+0x48>
     272:	80 e0       	ldi	r24, 0x00	; 0
     274:	0f 90       	pop	r0
     276:	df 91       	pop	r29
     278:	cf 91       	pop	r28
     27a:	08 95       	ret

0000027c <led_turn_on>:
     27c:	cf 93       	push	r28
     27e:	df 93       	push	r29
     280:	1f 92       	push	r1
     282:	cd b7       	in	r28, 0x3d	; 61
     284:	de b7       	in	r29, 0x3e	; 62
     286:	00 97       	sbiw	r24, 0x00	; 0
     288:	e9 f0       	breq	.+58     	; 0x2c4 <led_turn_on+0x48>
     28a:	fc 01       	movw	r30, r24
     28c:	20 81       	ld	r18, Z
     28e:	92 2f       	mov	r25, r18
     290:	97 70       	andi	r25, 0x07	; 7
     292:	89 81       	ldd	r24, Y+1	; 0x01
     294:	88 7f       	andi	r24, 0xF8	; 248
     296:	89 2b       	or	r24, r25
     298:	92 2f       	mov	r25, r18
     29a:	92 95       	swap	r25
     29c:	9f 70       	andi	r25, 0x0F	; 15
     29e:	97 70       	andi	r25, 0x07	; 7
     2a0:	99 0f       	add	r25, r25
     2a2:	99 0f       	add	r25, r25
     2a4:	99 0f       	add	r25, r25
     2a6:	87 7c       	andi	r24, 0xC7	; 199
     2a8:	89 2b       	or	r24, r25
     2aa:	27 fb       	bst	r18, 7
     2ac:	22 27       	eor	r18, r18
     2ae:	20 f9       	bld	r18, 0
     2b0:	80 64       	ori	r24, 0x40	; 64
     2b2:	20 fb       	bst	r18, 0
     2b4:	87 f9       	bld	r24, 7
     2b6:	89 83       	std	Y+1, r24	; 0x01
     2b8:	61 e0       	ldi	r22, 0x01	; 1
     2ba:	ce 01       	movw	r24, r28
     2bc:	01 96       	adiw	r24, 0x01	; 1
     2be:	0e 94 1d 03 	call	0x63a	; 0x63a <gpio_pin_write_logic>
     2c2:	01 c0       	rjmp	.+2      	; 0x2c6 <led_turn_on+0x4a>
     2c4:	80 e0       	ldi	r24, 0x00	; 0
     2c6:	0f 90       	pop	r0
     2c8:	df 91       	pop	r29
     2ca:	cf 91       	pop	r28
     2cc:	08 95       	ret

000002ce <led_turn_off>:
     2ce:	cf 93       	push	r28
     2d0:	df 93       	push	r29
     2d2:	1f 92       	push	r1
     2d4:	cd b7       	in	r28, 0x3d	; 61
     2d6:	de b7       	in	r29, 0x3e	; 62
     2d8:	00 97       	sbiw	r24, 0x00	; 0
     2da:	e9 f0       	breq	.+58     	; 0x316 <led_turn_off+0x48>
     2dc:	fc 01       	movw	r30, r24
     2de:	20 81       	ld	r18, Z
     2e0:	92 2f       	mov	r25, r18
     2e2:	97 70       	andi	r25, 0x07	; 7
     2e4:	89 81       	ldd	r24, Y+1	; 0x01
     2e6:	88 7f       	andi	r24, 0xF8	; 248
     2e8:	89 2b       	or	r24, r25
     2ea:	92 2f       	mov	r25, r18
     2ec:	92 95       	swap	r25
     2ee:	9f 70       	andi	r25, 0x0F	; 15
     2f0:	97 70       	andi	r25, 0x07	; 7
     2f2:	99 0f       	add	r25, r25
     2f4:	99 0f       	add	r25, r25
     2f6:	99 0f       	add	r25, r25
     2f8:	87 7c       	andi	r24, 0xC7	; 199
     2fa:	89 2b       	or	r24, r25
     2fc:	27 fb       	bst	r18, 7
     2fe:	22 27       	eor	r18, r18
     300:	20 f9       	bld	r18, 0
     302:	80 64       	ori	r24, 0x40	; 64
     304:	20 fb       	bst	r18, 0
     306:	87 f9       	bld	r24, 7
     308:	89 83       	std	Y+1, r24	; 0x01
     30a:	60 e0       	ldi	r22, 0x00	; 0
     30c:	ce 01       	movw	r24, r28
     30e:	01 96       	adiw	r24, 0x01	; 1
     310:	0e 94 1d 03 	call	0x63a	; 0x63a <gpio_pin_write_logic>
     314:	01 c0       	rjmp	.+2      	; 0x318 <led_turn_off+0x4a>
     316:	80 e0       	ldi	r24, 0x00	; 0
     318:	0f 90       	pop	r0
     31a:	df 91       	pop	r29
     31c:	cf 91       	pop	r28
     31e:	08 95       	ret

00000320 <ADC_Init>:
     320:	dc 01       	movw	r26, r24
     322:	89 2b       	or	r24, r25
     324:	09 f4       	brne	.+2      	; 0x328 <ADC_Init+0x8>
     326:	3b c1       	rjmp	.+630    	; 0x59e <__EEPROM_REGION_LENGTH__+0x19e>
     328:	86 b1       	in	r24, 0x06	; 6
     32a:	8f 77       	andi	r24, 0x7F	; 127
     32c:	86 b9       	out	0x06, r24	; 6
     32e:	12 96       	adiw	r26, 0x02	; 2
     330:	ec 91       	ld	r30, X
     332:	12 97       	sbiw	r26, 0x02	; 2
     334:	4e 2f       	mov	r20, r30
     336:	50 e0       	ldi	r21, 0x00	; 0
     338:	fa 01       	movw	r30, r20
     33a:	31 97       	sbiw	r30, 0x01	; 1
     33c:	e7 30       	cpi	r30, 0x07	; 7
     33e:	f1 05       	cpc	r31, r1
     340:	08 f0       	brcs	.+2      	; 0x344 <ADC_Init+0x24>
     342:	49 c0       	rjmp	.+146    	; 0x3d6 <ADC_Init+0xb6>
     344:	e6 5c       	subi	r30, 0xC6	; 198
     346:	ff 4f       	sbci	r31, 0xFF	; 255
     348:	0c 94 cb 0a 	jmp	0x1596	; 0x1596 <__tablejump2__>
     34c:	86 b1       	in	r24, 0x06	; 6
     34e:	81 60       	ori	r24, 0x01	; 1
     350:	86 b9       	out	0x06, r24	; 6
     352:	86 b1       	in	r24, 0x06	; 6
     354:	8d 7f       	andi	r24, 0xFD	; 253
     356:	86 b9       	out	0x06, r24	; 6
     358:	86 b1       	in	r24, 0x06	; 6
     35a:	8b 7f       	andi	r24, 0xFB	; 251
     35c:	86 b9       	out	0x06, r24	; 6
     35e:	3b c0       	rjmp	.+118    	; 0x3d6 <ADC_Init+0xb6>
     360:	86 b1       	in	r24, 0x06	; 6
     362:	8e 7f       	andi	r24, 0xFE	; 254
     364:	86 b9       	out	0x06, r24	; 6
     366:	86 b1       	in	r24, 0x06	; 6
     368:	82 60       	ori	r24, 0x02	; 2
     36a:	86 b9       	out	0x06, r24	; 6
     36c:	86 b1       	in	r24, 0x06	; 6
     36e:	8b 7f       	andi	r24, 0xFB	; 251
     370:	86 b9       	out	0x06, r24	; 6
     372:	31 c0       	rjmp	.+98     	; 0x3d6 <ADC_Init+0xb6>
     374:	86 b1       	in	r24, 0x06	; 6
     376:	81 60       	ori	r24, 0x01	; 1
     378:	86 b9       	out	0x06, r24	; 6
     37a:	86 b1       	in	r24, 0x06	; 6
     37c:	82 60       	ori	r24, 0x02	; 2
     37e:	86 b9       	out	0x06, r24	; 6
     380:	86 b1       	in	r24, 0x06	; 6
     382:	8b 7f       	andi	r24, 0xFB	; 251
     384:	86 b9       	out	0x06, r24	; 6
     386:	27 c0       	rjmp	.+78     	; 0x3d6 <ADC_Init+0xb6>
     388:	86 b1       	in	r24, 0x06	; 6
     38a:	8e 7f       	andi	r24, 0xFE	; 254
     38c:	86 b9       	out	0x06, r24	; 6
     38e:	86 b1       	in	r24, 0x06	; 6
     390:	8d 7f       	andi	r24, 0xFD	; 253
     392:	86 b9       	out	0x06, r24	; 6
     394:	86 b1       	in	r24, 0x06	; 6
     396:	84 60       	ori	r24, 0x04	; 4
     398:	86 b9       	out	0x06, r24	; 6
     39a:	1d c0       	rjmp	.+58     	; 0x3d6 <ADC_Init+0xb6>
     39c:	86 b1       	in	r24, 0x06	; 6
     39e:	81 60       	ori	r24, 0x01	; 1
     3a0:	86 b9       	out	0x06, r24	; 6
     3a2:	86 b1       	in	r24, 0x06	; 6
     3a4:	8d 7f       	andi	r24, 0xFD	; 253
     3a6:	86 b9       	out	0x06, r24	; 6
     3a8:	86 b1       	in	r24, 0x06	; 6
     3aa:	84 60       	ori	r24, 0x04	; 4
     3ac:	86 b9       	out	0x06, r24	; 6
     3ae:	13 c0       	rjmp	.+38     	; 0x3d6 <ADC_Init+0xb6>
     3b0:	86 b1       	in	r24, 0x06	; 6
     3b2:	8e 7f       	andi	r24, 0xFE	; 254
     3b4:	86 b9       	out	0x06, r24	; 6
     3b6:	86 b1       	in	r24, 0x06	; 6
     3b8:	82 60       	ori	r24, 0x02	; 2
     3ba:	86 b9       	out	0x06, r24	; 6
     3bc:	86 b1       	in	r24, 0x06	; 6
     3be:	84 60       	ori	r24, 0x04	; 4
     3c0:	86 b9       	out	0x06, r24	; 6
     3c2:	09 c0       	rjmp	.+18     	; 0x3d6 <ADC_Init+0xb6>
     3c4:	86 b1       	in	r24, 0x06	; 6
     3c6:	81 60       	ori	r24, 0x01	; 1
     3c8:	86 b9       	out	0x06, r24	; 6
     3ca:	86 b1       	in	r24, 0x06	; 6
     3cc:	82 60       	ori	r24, 0x02	; 2
     3ce:	86 b9       	out	0x06, r24	; 6
     3d0:	86 b1       	in	r24, 0x06	; 6
     3d2:	84 60       	ori	r24, 0x04	; 4
     3d4:	86 b9       	out	0x06, r24	; 6
     3d6:	13 96       	adiw	r26, 0x03	; 3
     3d8:	ec 91       	ld	r30, X
     3da:	13 97       	sbiw	r26, 0x03	; 3
     3dc:	4e 2f       	mov	r20, r30
     3de:	50 e0       	ldi	r21, 0x00	; 0
     3e0:	48 30       	cpi	r20, 0x08	; 8
     3e2:	51 05       	cpc	r21, r1
     3e4:	08 f0       	brcs	.+2      	; 0x3e8 <ADC_Init+0xc8>
     3e6:	6c c0       	rjmp	.+216    	; 0x4c0 <__EEPROM_REGION_LENGTH__+0xc0>
     3e8:	fa 01       	movw	r30, r20
     3ea:	ef 5b       	subi	r30, 0xBF	; 191
     3ec:	ff 4f       	sbci	r31, 0xFF	; 255
     3ee:	0c 94 cb 0a 	jmp	0x1596	; 0x1596 <__tablejump2__>
     3f2:	87 b1       	in	r24, 0x07	; 7
     3f4:	8e 7f       	andi	r24, 0xFE	; 254
     3f6:	87 b9       	out	0x07, r24	; 7
     3f8:	87 b1       	in	r24, 0x07	; 7
     3fa:	8d 7f       	andi	r24, 0xFD	; 253
     3fc:	87 b9       	out	0x07, r24	; 7
     3fe:	87 b1       	in	r24, 0x07	; 7
     400:	8b 7f       	andi	r24, 0xFB	; 251
     402:	87 b9       	out	0x07, r24	; 7
     404:	87 b1       	in	r24, 0x07	; 7
     406:	87 7f       	andi	r24, 0xF7	; 247
     408:	87 b9       	out	0x07, r24	; 7
     40a:	5a c0       	rjmp	.+180    	; 0x4c0 <__EEPROM_REGION_LENGTH__+0xc0>
     40c:	87 b1       	in	r24, 0x07	; 7
     40e:	81 60       	ori	r24, 0x01	; 1
     410:	87 b9       	out	0x07, r24	; 7
     412:	87 b1       	in	r24, 0x07	; 7
     414:	8d 7f       	andi	r24, 0xFD	; 253
     416:	87 b9       	out	0x07, r24	; 7
     418:	87 b1       	in	r24, 0x07	; 7
     41a:	8b 7f       	andi	r24, 0xFB	; 251
     41c:	87 b9       	out	0x07, r24	; 7
     41e:	87 b1       	in	r24, 0x07	; 7
     420:	87 7f       	andi	r24, 0xF7	; 247
     422:	87 b9       	out	0x07, r24	; 7
     424:	4d c0       	rjmp	.+154    	; 0x4c0 <__EEPROM_REGION_LENGTH__+0xc0>
     426:	87 b1       	in	r24, 0x07	; 7
     428:	8e 7f       	andi	r24, 0xFE	; 254
     42a:	87 b9       	out	0x07, r24	; 7
     42c:	87 b1       	in	r24, 0x07	; 7
     42e:	82 60       	ori	r24, 0x02	; 2
     430:	87 b9       	out	0x07, r24	; 7
     432:	87 b1       	in	r24, 0x07	; 7
     434:	8b 7f       	andi	r24, 0xFB	; 251
     436:	87 b9       	out	0x07, r24	; 7
     438:	87 b1       	in	r24, 0x07	; 7
     43a:	87 7f       	andi	r24, 0xF7	; 247
     43c:	87 b9       	out	0x07, r24	; 7
     43e:	40 c0       	rjmp	.+128    	; 0x4c0 <__EEPROM_REGION_LENGTH__+0xc0>
     440:	87 b1       	in	r24, 0x07	; 7
     442:	81 60       	ori	r24, 0x01	; 1
     444:	87 b9       	out	0x07, r24	; 7
     446:	87 b1       	in	r24, 0x07	; 7
     448:	82 60       	ori	r24, 0x02	; 2
     44a:	87 b9       	out	0x07, r24	; 7
     44c:	87 b1       	in	r24, 0x07	; 7
     44e:	8b 7f       	andi	r24, 0xFB	; 251
     450:	87 b9       	out	0x07, r24	; 7
     452:	87 b1       	in	r24, 0x07	; 7
     454:	87 7f       	andi	r24, 0xF7	; 247
     456:	87 b9       	out	0x07, r24	; 7
     458:	33 c0       	rjmp	.+102    	; 0x4c0 <__EEPROM_REGION_LENGTH__+0xc0>
     45a:	87 b1       	in	r24, 0x07	; 7
     45c:	8e 7f       	andi	r24, 0xFE	; 254
     45e:	87 b9       	out	0x07, r24	; 7
     460:	87 b1       	in	r24, 0x07	; 7
     462:	8d 7f       	andi	r24, 0xFD	; 253
     464:	87 b9       	out	0x07, r24	; 7
     466:	87 b1       	in	r24, 0x07	; 7
     468:	84 60       	ori	r24, 0x04	; 4
     46a:	87 b9       	out	0x07, r24	; 7
     46c:	87 b1       	in	r24, 0x07	; 7
     46e:	87 7f       	andi	r24, 0xF7	; 247
     470:	87 b9       	out	0x07, r24	; 7
     472:	26 c0       	rjmp	.+76     	; 0x4c0 <__EEPROM_REGION_LENGTH__+0xc0>
     474:	87 b1       	in	r24, 0x07	; 7
     476:	81 60       	ori	r24, 0x01	; 1
     478:	87 b9       	out	0x07, r24	; 7
     47a:	87 b1       	in	r24, 0x07	; 7
     47c:	8d 7f       	andi	r24, 0xFD	; 253
     47e:	87 b9       	out	0x07, r24	; 7
     480:	87 b1       	in	r24, 0x07	; 7
     482:	84 60       	ori	r24, 0x04	; 4
     484:	87 b9       	out	0x07, r24	; 7
     486:	87 b1       	in	r24, 0x07	; 7
     488:	87 7f       	andi	r24, 0xF7	; 247
     48a:	87 b9       	out	0x07, r24	; 7
     48c:	19 c0       	rjmp	.+50     	; 0x4c0 <__EEPROM_REGION_LENGTH__+0xc0>
     48e:	87 b1       	in	r24, 0x07	; 7
     490:	8e 7f       	andi	r24, 0xFE	; 254
     492:	87 b9       	out	0x07, r24	; 7
     494:	87 b1       	in	r24, 0x07	; 7
     496:	82 60       	ori	r24, 0x02	; 2
     498:	87 b9       	out	0x07, r24	; 7
     49a:	87 b1       	in	r24, 0x07	; 7
     49c:	84 60       	ori	r24, 0x04	; 4
     49e:	87 b9       	out	0x07, r24	; 7
     4a0:	87 b1       	in	r24, 0x07	; 7
     4a2:	87 7f       	andi	r24, 0xF7	; 247
     4a4:	87 b9       	out	0x07, r24	; 7
     4a6:	0c c0       	rjmp	.+24     	; 0x4c0 <__EEPROM_REGION_LENGTH__+0xc0>
     4a8:	87 b1       	in	r24, 0x07	; 7
     4aa:	81 60       	ori	r24, 0x01	; 1
     4ac:	87 b9       	out	0x07, r24	; 7
     4ae:	87 b1       	in	r24, 0x07	; 7
     4b0:	82 60       	ori	r24, 0x02	; 2
     4b2:	87 b9       	out	0x07, r24	; 7
     4b4:	87 b1       	in	r24, 0x07	; 7
     4b6:	84 60       	ori	r24, 0x04	; 4
     4b8:	87 b9       	out	0x07, r24	; 7
     4ba:	87 b1       	in	r24, 0x07	; 7
     4bc:	87 7f       	andi	r24, 0xF7	; 247
     4be:	87 b9       	out	0x07, r24	; 7
     4c0:	13 96       	adiw	r26, 0x03	; 3
     4c2:	ec 91       	ld	r30, X
     4c4:	13 97       	sbiw	r26, 0x03	; 3
     4c6:	4e 2f       	mov	r20, r30
     4c8:	50 e0       	ldi	r21, 0x00	; 0
     4ca:	48 30       	cpi	r20, 0x08	; 8
     4cc:	51 05       	cpc	r21, r1
     4ce:	20 f5       	brcc	.+72     	; 0x518 <__EEPROM_REGION_LENGTH__+0x118>
     4d0:	fa 01       	movw	r30, r20
     4d2:	e7 5b       	subi	r30, 0xB7	; 183
     4d4:	ff 4f       	sbci	r31, 0xFF	; 255
     4d6:	0c 94 cb 0a 	jmp	0x1596	; 0x1596 <__tablejump2__>
     4da:	8a b3       	in	r24, 0x1a	; 26
     4dc:	8e 7f       	andi	r24, 0xFE	; 254
     4de:	8a bb       	out	0x1a, r24	; 26
     4e0:	1b c0       	rjmp	.+54     	; 0x518 <__EEPROM_REGION_LENGTH__+0x118>
     4e2:	8a b3       	in	r24, 0x1a	; 26
     4e4:	8d 7f       	andi	r24, 0xFD	; 253
     4e6:	8a bb       	out	0x1a, r24	; 26
     4e8:	17 c0       	rjmp	.+46     	; 0x518 <__EEPROM_REGION_LENGTH__+0x118>
     4ea:	8a b3       	in	r24, 0x1a	; 26
     4ec:	8b 7f       	andi	r24, 0xFB	; 251
     4ee:	8a bb       	out	0x1a, r24	; 26
     4f0:	13 c0       	rjmp	.+38     	; 0x518 <__EEPROM_REGION_LENGTH__+0x118>
     4f2:	8a b3       	in	r24, 0x1a	; 26
     4f4:	87 7f       	andi	r24, 0xF7	; 247
     4f6:	8a bb       	out	0x1a, r24	; 26
     4f8:	0f c0       	rjmp	.+30     	; 0x518 <__EEPROM_REGION_LENGTH__+0x118>
     4fa:	8a b3       	in	r24, 0x1a	; 26
     4fc:	8f 7e       	andi	r24, 0xEF	; 239
     4fe:	8a bb       	out	0x1a, r24	; 26
     500:	0b c0       	rjmp	.+22     	; 0x518 <__EEPROM_REGION_LENGTH__+0x118>
     502:	8a b3       	in	r24, 0x1a	; 26
     504:	8f 7d       	andi	r24, 0xDF	; 223
     506:	8a bb       	out	0x1a, r24	; 26
     508:	07 c0       	rjmp	.+14     	; 0x518 <__EEPROM_REGION_LENGTH__+0x118>
     50a:	8a b3       	in	r24, 0x1a	; 26
     50c:	8f 7b       	andi	r24, 0xBF	; 191
     50e:	8a bb       	out	0x1a, r24	; 26
     510:	03 c0       	rjmp	.+6      	; 0x518 <__EEPROM_REGION_LENGTH__+0x118>
     512:	8a b3       	in	r24, 0x1a	; 26
     514:	8f 77       	andi	r24, 0x7F	; 127
     516:	8a bb       	out	0x1a, r24	; 26
     518:	86 b1       	in	r24, 0x06	; 6
     51a:	88 60       	ori	r24, 0x08	; 8
     51c:	86 b9       	out	0x06, r24	; 6
     51e:	86 b1       	in	r24, 0x06	; 6
     520:	80 61       	ori	r24, 0x10	; 16
     522:	86 b9       	out	0x06, r24	; 6
     524:	78 94       	sei
     526:	8d 91       	ld	r24, X+
     528:	9c 91       	ld	r25, X
     52a:	11 97       	sbiw	r26, 0x01	; 1
     52c:	90 93 a2 00 	sts	0x00A2, r25	; 0x8000a2 <ADC_InterruptHandler+0x1>
     530:	80 93 a1 00 	sts	0x00A1, r24	; 0x8000a1 <ADC_InterruptHandler>
     534:	15 96       	adiw	r26, 0x05	; 5
     536:	8c 91       	ld	r24, X
     538:	15 97       	sbiw	r26, 0x05	; 5
     53a:	98 2f       	mov	r25, r24
     53c:	91 70       	andi	r25, 0x01	; 1
     53e:	80 ff       	sbrs	r24, 0
     540:	04 c0       	rjmp	.+8      	; 0x54a <__EEPROM_REGION_LENGTH__+0x14a>
     542:	87 b1       	in	r24, 0x07	; 7
     544:	8f 7d       	andi	r24, 0xDF	; 223
     546:	87 b9       	out	0x07, r24	; 7
     548:	09 c0       	rjmp	.+18     	; 0x55c <__EEPROM_REGION_LENGTH__+0x15c>
     54a:	91 11       	cpse	r25, r1
     54c:	04 c0       	rjmp	.+8      	; 0x556 <__EEPROM_REGION_LENGTH__+0x156>
     54e:	87 b1       	in	r24, 0x07	; 7
     550:	80 62       	ori	r24, 0x20	; 32
     552:	87 b9       	out	0x07, r24	; 7
     554:	03 c0       	rjmp	.+6      	; 0x55c <__EEPROM_REGION_LENGTH__+0x15c>
     556:	87 b1       	in	r24, 0x07	; 7
     558:	8f 7d       	andi	r24, 0xDF	; 223
     55a:	87 b9       	out	0x07, r24	; 7
     55c:	14 96       	adiw	r26, 0x04	; 4
     55e:	8c 91       	ld	r24, X
     560:	81 30       	cpi	r24, 0x01	; 1
     562:	59 f0       	breq	.+22     	; 0x57a <__EEPROM_REGION_LENGTH__+0x17a>
     564:	18 f0       	brcs	.+6      	; 0x56c <__EEPROM_REGION_LENGTH__+0x16c>
     566:	83 30       	cpi	r24, 0x03	; 3
     568:	79 f0       	breq	.+30     	; 0x588 <__EEPROM_REGION_LENGTH__+0x188>
     56a:	14 c0       	rjmp	.+40     	; 0x594 <__EEPROM_REGION_LENGTH__+0x194>
     56c:	87 b1       	in	r24, 0x07	; 7
     56e:	8f 77       	andi	r24, 0x7F	; 127
     570:	87 b9       	out	0x07, r24	; 7
     572:	87 b1       	in	r24, 0x07	; 7
     574:	8f 7b       	andi	r24, 0xBF	; 191
     576:	87 b9       	out	0x07, r24	; 7
     578:	0d c0       	rjmp	.+26     	; 0x594 <__EEPROM_REGION_LENGTH__+0x194>
     57a:	87 b1       	in	r24, 0x07	; 7
     57c:	8f 77       	andi	r24, 0x7F	; 127
     57e:	87 b9       	out	0x07, r24	; 7
     580:	87 b1       	in	r24, 0x07	; 7
     582:	80 64       	ori	r24, 0x40	; 64
     584:	87 b9       	out	0x07, r24	; 7
     586:	06 c0       	rjmp	.+12     	; 0x594 <__EEPROM_REGION_LENGTH__+0x194>
     588:	87 b1       	in	r24, 0x07	; 7
     58a:	80 68       	ori	r24, 0x80	; 128
     58c:	87 b9       	out	0x07, r24	; 7
     58e:	87 b1       	in	r24, 0x07	; 7
     590:	80 64       	ori	r24, 0x40	; 64
     592:	87 b9       	out	0x07, r24	; 7
     594:	86 b1       	in	r24, 0x06	; 6
     596:	80 68       	ori	r24, 0x80	; 128
     598:	86 b9       	out	0x06, r24	; 6
     59a:	81 e0       	ldi	r24, 0x01	; 1
     59c:	08 95       	ret
     59e:	80 e0       	ldi	r24, 0x00	; 0
     5a0:	08 95       	ret

000005a2 <ADC_ISR>:
     5a2:	86 b1       	in	r24, 0x06	; 6
     5a4:	80 61       	ori	r24, 0x10	; 16
     5a6:	86 b9       	out	0x06, r24	; 6
     5a8:	e0 91 a1 00 	lds	r30, 0x00A1	; 0x8000a1 <ADC_InterruptHandler>
     5ac:	f0 91 a2 00 	lds	r31, 0x00A2	; 0x8000a2 <ADC_InterruptHandler+0x1>
     5b0:	30 97       	sbiw	r30, 0x00	; 0
     5b2:	09 f0       	breq	.+2      	; 0x5b6 <ADC_ISR+0x14>
     5b4:	09 95       	icall
     5b6:	08 95       	ret

000005b8 <gpio_pin_direction_intialize>:
     5b8:	fc 01       	movw	r30, r24
     5ba:	89 2b       	or	r24, r25
     5bc:	d1 f1       	breq	.+116    	; 0x632 <gpio_pin_direction_intialize+0x7a>
     5be:	20 81       	ld	r18, Z
     5c0:	26 95       	lsr	r18
     5c2:	26 95       	lsr	r18
     5c4:	26 95       	lsr	r18
     5c6:	27 70       	andi	r18, 0x07	; 7
     5c8:	80 81       	ld	r24, Z
     5ca:	86 fb       	bst	r24, 6
     5cc:	99 27       	eor	r25, r25
     5ce:	90 f9       	bld	r25, 0
     5d0:	86 ff       	sbrs	r24, 6
     5d2:	18 c0       	rjmp	.+48     	; 0x604 <gpio_pin_direction_intialize+0x4c>
     5d4:	91 30       	cpi	r25, 0x01	; 1
     5d6:	79 f5       	brne	.+94     	; 0x636 <gpio_pin_direction_intialize+0x7e>
     5d8:	e8 2f       	mov	r30, r24
     5da:	e7 70       	andi	r30, 0x07	; 7
     5dc:	f0 e0       	ldi	r31, 0x00	; 0
     5de:	ee 0f       	add	r30, r30
     5e0:	ff 1f       	adc	r31, r31
     5e2:	ed 58       	subi	r30, 0x8D	; 141
     5e4:	ff 4f       	sbci	r31, 0xFF	; 255
     5e6:	01 90       	ld	r0, Z+
     5e8:	f0 81       	ld	r31, Z
     5ea:	e0 2d       	mov	r30, r0
     5ec:	30 81       	ld	r19, Z
     5ee:	81 e0       	ldi	r24, 0x01	; 1
     5f0:	90 e0       	ldi	r25, 0x00	; 0
     5f2:	02 c0       	rjmp	.+4      	; 0x5f8 <gpio_pin_direction_intialize+0x40>
     5f4:	88 0f       	add	r24, r24
     5f6:	99 1f       	adc	r25, r25
     5f8:	2a 95       	dec	r18
     5fa:	e2 f7       	brpl	.-8      	; 0x5f4 <gpio_pin_direction_intialize+0x3c>
     5fc:	83 2b       	or	r24, r19
     5fe:	80 83       	st	Z, r24
     600:	81 e0       	ldi	r24, 0x01	; 1
     602:	08 95       	ret
     604:	e0 81       	ld	r30, Z
     606:	e7 70       	andi	r30, 0x07	; 7
     608:	f0 e0       	ldi	r31, 0x00	; 0
     60a:	ee 0f       	add	r30, r30
     60c:	ff 1f       	adc	r31, r31
     60e:	ed 58       	subi	r30, 0x8D	; 141
     610:	ff 4f       	sbci	r31, 0xFF	; 255
     612:	01 90       	ld	r0, Z+
     614:	f0 81       	ld	r31, Z
     616:	e0 2d       	mov	r30, r0
     618:	30 81       	ld	r19, Z
     61a:	81 e0       	ldi	r24, 0x01	; 1
     61c:	90 e0       	ldi	r25, 0x00	; 0
     61e:	02 c0       	rjmp	.+4      	; 0x624 <gpio_pin_direction_intialize+0x6c>
     620:	88 0f       	add	r24, r24
     622:	99 1f       	adc	r25, r25
     624:	2a 95       	dec	r18
     626:	e2 f7       	brpl	.-8      	; 0x620 <gpio_pin_direction_intialize+0x68>
     628:	80 95       	com	r24
     62a:	83 23       	and	r24, r19
     62c:	80 83       	st	Z, r24
     62e:	81 e0       	ldi	r24, 0x01	; 1
     630:	08 95       	ret
     632:	80 e0       	ldi	r24, 0x00	; 0
     634:	08 95       	ret
     636:	80 e0       	ldi	r24, 0x00	; 0
     638:	08 95       	ret

0000063a <gpio_pin_write_logic>:
     63a:	00 97       	sbiw	r24, 0x00	; 0
     63c:	d1 f1       	breq	.+116    	; 0x6b2 <gpio_pin_write_logic+0x78>
     63e:	dc 01       	movw	r26, r24
     640:	2c 91       	ld	r18, X
     642:	26 95       	lsr	r18
     644:	26 95       	lsr	r18
     646:	26 95       	lsr	r18
     648:	27 70       	andi	r18, 0x07	; 7
     64a:	66 23       	and	r22, r22
     64c:	19 f0       	breq	.+6      	; 0x654 <gpio_pin_write_logic+0x1a>
     64e:	61 30       	cpi	r22, 0x01	; 1
     650:	c9 f0       	breq	.+50     	; 0x684 <gpio_pin_write_logic+0x4a>
     652:	31 c0       	rjmp	.+98     	; 0x6b6 <gpio_pin_write_logic+0x7c>
     654:	dc 01       	movw	r26, r24
     656:	ec 91       	ld	r30, X
     658:	e7 70       	andi	r30, 0x07	; 7
     65a:	f0 e0       	ldi	r31, 0x00	; 0
     65c:	ee 0f       	add	r30, r30
     65e:	ff 1f       	adc	r31, r31
     660:	e5 59       	subi	r30, 0x95	; 149
     662:	ff 4f       	sbci	r31, 0xFF	; 255
     664:	01 90       	ld	r0, Z+
     666:	f0 81       	ld	r31, Z
     668:	e0 2d       	mov	r30, r0
     66a:	30 81       	ld	r19, Z
     66c:	81 e0       	ldi	r24, 0x01	; 1
     66e:	90 e0       	ldi	r25, 0x00	; 0
     670:	02 c0       	rjmp	.+4      	; 0x676 <gpio_pin_write_logic+0x3c>
     672:	88 0f       	add	r24, r24
     674:	99 1f       	adc	r25, r25
     676:	2a 95       	dec	r18
     678:	e2 f7       	brpl	.-8      	; 0x672 <gpio_pin_write_logic+0x38>
     67a:	80 95       	com	r24
     67c:	83 23       	and	r24, r19
     67e:	80 83       	st	Z, r24
     680:	81 e0       	ldi	r24, 0x01	; 1
     682:	08 95       	ret
     684:	dc 01       	movw	r26, r24
     686:	ec 91       	ld	r30, X
     688:	e7 70       	andi	r30, 0x07	; 7
     68a:	f0 e0       	ldi	r31, 0x00	; 0
     68c:	ee 0f       	add	r30, r30
     68e:	ff 1f       	adc	r31, r31
     690:	e5 59       	subi	r30, 0x95	; 149
     692:	ff 4f       	sbci	r31, 0xFF	; 255
     694:	01 90       	ld	r0, Z+
     696:	f0 81       	ld	r31, Z
     698:	e0 2d       	mov	r30, r0
     69a:	30 81       	ld	r19, Z
     69c:	81 e0       	ldi	r24, 0x01	; 1
     69e:	90 e0       	ldi	r25, 0x00	; 0
     6a0:	02 c0       	rjmp	.+4      	; 0x6a6 <gpio_pin_write_logic+0x6c>
     6a2:	88 0f       	add	r24, r24
     6a4:	99 1f       	adc	r25, r25
     6a6:	2a 95       	dec	r18
     6a8:	e2 f7       	brpl	.-8      	; 0x6a2 <gpio_pin_write_logic+0x68>
     6aa:	83 2b       	or	r24, r19
     6ac:	80 83       	st	Z, r24
     6ae:	81 e0       	ldi	r24, 0x01	; 1
     6b0:	08 95       	ret
     6b2:	80 e0       	ldi	r24, 0x00	; 0
     6b4:	08 95       	ret
     6b6:	80 e0       	ldi	r24, 0x00	; 0
     6b8:	08 95       	ret

000006ba <gpio_pin_intialize>:
     6ba:	cf 93       	push	r28
     6bc:	df 93       	push	r29
     6be:	00 97       	sbiw	r24, 0x00	; 0
     6c0:	61 f0       	breq	.+24     	; 0x6da <gpio_pin_intialize+0x20>
     6c2:	ec 01       	movw	r28, r24
     6c4:	0e 94 dc 02 	call	0x5b8	; 0x5b8 <gpio_pin_direction_intialize>
     6c8:	68 81       	ld	r22, Y
     6ca:	67 fb       	bst	r22, 7
     6cc:	66 27       	eor	r22, r22
     6ce:	60 f9       	bld	r22, 0
     6d0:	ce 01       	movw	r24, r28
     6d2:	0e 94 1d 03 	call	0x63a	; 0x63a <gpio_pin_write_logic>
     6d6:	81 e0       	ldi	r24, 0x01	; 1
     6d8:	01 c0       	rjmp	.+2      	; 0x6dc <gpio_pin_intialize+0x22>
     6da:	80 e0       	ldi	r24, 0x00	; 0
     6dc:	df 91       	pop	r29
     6de:	cf 91       	pop	r28
     6e0:	08 95       	ret

000006e2 <i2c_master_set_prescaler>:
        return E_NOT_OK;
    }

    *data = TWDR;
    return E_OK;
}
     6e2:	21 b1       	in	r18, 0x01	; 1
     6e4:	2c 7f       	andi	r18, 0xFC	; 252
     6e6:	21 b9       	out	0x01, r18	; 1
     6e8:	fc 01       	movw	r30, r24
     6ea:	85 81       	ldd	r24, Z+5	; 0x05
     6ec:	81 30       	cpi	r24, 0x01	; 1
     6ee:	49 f0       	breq	.+18     	; 0x702 <i2c_master_set_prescaler+0x20>
     6f0:	28 f0       	brcs	.+10     	; 0x6fc <i2c_master_set_prescaler+0x1a>
     6f2:	82 30       	cpi	r24, 0x02	; 2
     6f4:	51 f0       	breq	.+20     	; 0x70a <i2c_master_set_prescaler+0x28>
     6f6:	83 30       	cpi	r24, 0x03	; 3
     6f8:	61 f0       	breq	.+24     	; 0x712 <i2c_master_set_prescaler+0x30>
     6fa:	08 95       	ret
     6fc:	81 b1       	in	r24, 0x01	; 1
     6fe:	81 b9       	out	0x01, r24	; 1
     700:	08 95       	ret
     702:	81 b1       	in	r24, 0x01	; 1
     704:	81 60       	ori	r24, 0x01	; 1
     706:	81 b9       	out	0x01, r24	; 1
     708:	08 95       	ret
     70a:	81 b1       	in	r24, 0x01	; 1
     70c:	82 60       	ori	r24, 0x02	; 2
     70e:	81 b9       	out	0x01, r24	; 1
     710:	08 95       	ret
     712:	81 b1       	in	r24, 0x01	; 1
     714:	83 60       	ori	r24, 0x03	; 3
     716:	81 b9       	out	0x01, r24	; 1
     718:	08 95       	ret

0000071a <i2c_master_set_clock>:
     71a:	cf 93       	push	r28
     71c:	df 93       	push	r29
     71e:	fc 01       	movw	r30, r24
     720:	45 81       	ldd	r20, Z+5	; 0x05
     722:	50 e0       	ldi	r21, 0x00	; 0
     724:	44 0f       	add	r20, r20
     726:	55 1f       	adc	r21, r21
     728:	c1 e0       	ldi	r28, 0x01	; 1
     72a:	d0 e0       	ldi	r29, 0x00	; 0
     72c:	02 c0       	rjmp	.+4      	; 0x732 <i2c_master_set_clock+0x18>
     72e:	cc 0f       	add	r28, r28
     730:	dd 1f       	adc	r29, r29
     732:	4a 95       	dec	r20
     734:	e2 f7       	brpl	.-8      	; 0x72e <i2c_master_set_clock+0x14>
     736:	21 81       	ldd	r18, Z+1	; 0x01
     738:	32 81       	ldd	r19, Z+2	; 0x02
     73a:	43 81       	ldd	r20, Z+3	; 0x03
     73c:	54 81       	ldd	r21, Z+4	; 0x04
     73e:	60 e0       	ldi	r22, 0x00	; 0
     740:	74 e2       	ldi	r23, 0x24	; 36
     742:	84 ef       	ldi	r24, 0xF4	; 244
     744:	90 e0       	ldi	r25, 0x00	; 0
     746:	0e 94 a9 0a 	call	0x1552	; 0x1552 <__udivmodsi4>
     74a:	ca 01       	movw	r24, r20
     74c:	b9 01       	movw	r22, r18
     74e:	60 51       	subi	r22, 0x10	; 16
     750:	71 09       	sbc	r23, r1
     752:	81 09       	sbc	r24, r1
     754:	91 09       	sbc	r25, r1
     756:	dd 27       	eor	r29, r29
     758:	9e 01       	movw	r18, r28
     75a:	22 0f       	add	r18, r18
     75c:	33 1f       	adc	r19, r19
     75e:	03 2e       	mov	r0, r19
     760:	00 0c       	add	r0, r0
     762:	44 0b       	sbc	r20, r20
     764:	55 0b       	sbc	r21, r21
     766:	0e 94 a9 0a 	call	0x1552	; 0x1552 <__udivmodsi4>
     76a:	20 b9       	out	0x00, r18	; 0
     76c:	df 91       	pop	r29
     76e:	cf 91       	pop	r28
     770:	08 95       	ret

00000772 <i2c_interrupt_init>:
     772:	fc 01       	movw	r30, r24
     774:	81 85       	ldd	r24, Z+9	; 0x09
     776:	92 85       	ldd	r25, Z+10	; 0x0a
     778:	90 93 a4 00 	sts	0x00A4, r25	; 0x8000a4 <i2c_interrupt_callback+0x1>
     77c:	80 93 a3 00 	sts	0x00A3, r24	; 0x8000a3 <i2c_interrupt_callback>
     780:	86 b7       	in	r24, 0x36	; 54
     782:	81 60       	ori	r24, 0x01	; 1
     784:	86 bf       	out	0x36, r24	; 54
     786:	85 ec       	ldi	r24, 0xC5	; 197
     788:	86 bf       	out	0x36, r24	; 54
     78a:	78 94       	sei
     78c:	08 95       	ret

0000078e <i2c_init>:
     78e:	cf 93       	push	r28
     790:	df 93       	push	r29
     792:	00 97       	sbiw	r24, 0x00	; 0
     794:	31 f1       	breq	.+76     	; 0x7e2 <i2c_init+0x54>
     796:	ec 01       	movw	r28, r24
     798:	86 b7       	in	r24, 0x36	; 54
     79a:	8b 7f       	andi	r24, 0xFB	; 251
     79c:	86 bf       	out	0x36, r24	; 54
     79e:	88 81       	ld	r24, Y
     7a0:	81 11       	cpse	r24, r1
     7a2:	0c c0       	rjmp	.+24     	; 0x7bc <i2c_init+0x2e>
     7a4:	ce 01       	movw	r24, r28
     7a6:	0e 94 71 03 	call	0x6e2	; 0x6e2 <i2c_master_set_prescaler>
     7aa:	ce 01       	movw	r24, r28
     7ac:	0e 94 8d 03 	call	0x71a	; 0x71a <i2c_master_set_clock>
     7b0:	8e 81       	ldd	r24, Y+6	; 0x06
     7b2:	88 23       	and	r24, r24
     7b4:	41 f0       	breq	.+16     	; 0x7c6 <i2c_init+0x38>
     7b6:	88 0f       	add	r24, r24
     7b8:	82 b9       	out	0x02, r24	; 2
     7ba:	05 c0       	rjmp	.+10     	; 0x7c6 <i2c_init+0x38>
     7bc:	81 30       	cpi	r24, 0x01	; 1
     7be:	19 f4       	brne	.+6      	; 0x7c6 <i2c_init+0x38>
     7c0:	8f 81       	ldd	r24, Y+7	; 0x07
     7c2:	88 0f       	add	r24, r24
     7c4:	82 b9       	out	0x02, r24	; 2
     7c6:	88 85       	ldd	r24, Y+8	; 0x08
     7c8:	88 23       	and	r24, r24
     7ca:	19 f0       	breq	.+6      	; 0x7d2 <i2c_init+0x44>
     7cc:	ce 01       	movw	r24, r28
     7ce:	0e 94 b9 03 	call	0x772	; 0x772 <i2c_interrupt_init>
     7d2:	86 b7       	in	r24, 0x36	; 54
     7d4:	80 64       	ori	r24, 0x40	; 64
     7d6:	86 bf       	out	0x36, r24	; 54
     7d8:	86 b7       	in	r24, 0x36	; 54
     7da:	84 60       	ori	r24, 0x04	; 4
     7dc:	86 bf       	out	0x36, r24	; 54
     7de:	81 e0       	ldi	r24, 0x01	; 1
     7e0:	01 c0       	rjmp	.+2      	; 0x7e4 <i2c_init+0x56>
     7e2:	80 e0       	ldi	r24, 0x00	; 0
     7e4:	df 91       	pop	r29
     7e6:	cf 91       	pop	r28
     7e8:	08 95       	ret

000007ea <__vector_19>:
    }
    return E_OK;
}

#if I2C_INTERRUPT_FEATURE_ENABLE == INTERRUPT_FEATURE_ENABLE
ISR(TWI_vect) {
     7ea:	1f 92       	push	r1
     7ec:	0f 92       	push	r0
     7ee:	0f b6       	in	r0, 0x3f	; 63
     7f0:	0f 92       	push	r0
     7f2:	11 24       	eor	r1, r1
     7f4:	2f 93       	push	r18
     7f6:	3f 93       	push	r19
     7f8:	4f 93       	push	r20
     7fa:	5f 93       	push	r21
     7fc:	6f 93       	push	r22
     7fe:	7f 93       	push	r23
     800:	8f 93       	push	r24
     802:	9f 93       	push	r25
     804:	af 93       	push	r26
     806:	bf 93       	push	r27
     808:	ef 93       	push	r30
     80a:	ff 93       	push	r31
    I2C_CLEAR_INTERRUPT();
     80c:	85 ec       	ldi	r24, 0xC5	; 197
     80e:	86 bf       	out	0x36, r24	; 54
    if (i2c_interrupt_callback) {
     810:	e0 91 a3 00 	lds	r30, 0x00A3	; 0x8000a3 <i2c_interrupt_callback>
     814:	f0 91 a4 00 	lds	r31, 0x00A4	; 0x8000a4 <i2c_interrupt_callback+0x1>
     818:	30 97       	sbiw	r30, 0x00	; 0
     81a:	09 f0       	breq	.+2      	; 0x81e <__DATA_REGION_LENGTH__+0x1e>
        i2c_interrupt_callback();
     81c:	09 95       	icall
    }
}
     81e:	ff 91       	pop	r31
     820:	ef 91       	pop	r30
     822:	bf 91       	pop	r27
     824:	af 91       	pop	r26
     826:	9f 91       	pop	r25
     828:	8f 91       	pop	r24
     82a:	7f 91       	pop	r23
     82c:	6f 91       	pop	r22
     82e:	5f 91       	pop	r21
     830:	4f 91       	pop	r20
     832:	3f 91       	pop	r19
     834:	2f 91       	pop	r18
     836:	0f 90       	pop	r0
     838:	0f be       	out	0x3f, r0	; 63
     83a:	0f 90       	pop	r0
     83c:	1f 90       	pop	r1
     83e:	18 95       	reti

00000840 <INT0_ISR>:
     840:	8a b7       	in	r24, 0x3a	; 58
     842:	8f 7b       	andi	r24, 0xBF	; 191
     844:	8a bf       	out	0x3a, r24	; 58
     846:	e0 91 a9 00 	lds	r30, 0x00A9	; 0x8000a9 <INT0_InterruptHandler>
     84a:	f0 91 aa 00 	lds	r31, 0x00AA	; 0x8000aa <INT0_InterruptHandler+0x1>
     84e:	30 97       	sbiw	r30, 0x00	; 0
     850:	09 f0       	breq	.+2      	; 0x854 <INT0_ISR+0x14>
     852:	09 95       	icall
     854:	08 95       	ret

00000856 <INT1_ISR>:
     856:	8a b7       	in	r24, 0x3a	; 58
     858:	8f 77       	andi	r24, 0x7F	; 127
     85a:	8a bf       	out	0x3a, r24	; 58
     85c:	e0 91 a7 00 	lds	r30, 0x00A7	; 0x8000a7 <INT1_InterruptHandler>
     860:	f0 91 a8 00 	lds	r31, 0x00A8	; 0x8000a8 <INT1_InterruptHandler+0x1>
     864:	30 97       	sbiw	r30, 0x00	; 0
     866:	09 f0       	breq	.+2      	; 0x86a <__stack+0xb>
     868:	09 95       	icall
     86a:	08 95       	ret

0000086c <INT2_ISR>:
     86c:	8a b7       	in	r24, 0x3a	; 58
     86e:	8f 7d       	andi	r24, 0xDF	; 223
     870:	8a bf       	out	0x3a, r24	; 58
     872:	e0 91 a5 00 	lds	r30, 0x00A5	; 0x8000a5 <INT2_InterruptHandler>
     876:	f0 91 a6 00 	lds	r31, 0x00A6	; 0x8000a6 <INT2_InterruptHandler+0x1>
     87a:	30 97       	sbiw	r30, 0x00	; 0
     87c:	09 f0       	breq	.+2      	; 0x880 <INT2_ISR+0x14>
     87e:	09 95       	icall
     880:	08 95       	ret

00000882 <__vector_1>:
     882:	1f 92       	push	r1
     884:	0f 92       	push	r0
     886:	0f b6       	in	r0, 0x3f	; 63
     888:	0f 92       	push	r0
     88a:	11 24       	eor	r1, r1
     88c:	2f 93       	push	r18
     88e:	3f 93       	push	r19
     890:	4f 93       	push	r20
     892:	5f 93       	push	r21
     894:	6f 93       	push	r22
     896:	7f 93       	push	r23
     898:	8f 93       	push	r24
     89a:	9f 93       	push	r25
     89c:	af 93       	push	r26
     89e:	bf 93       	push	r27
     8a0:	ef 93       	push	r30
     8a2:	ff 93       	push	r31
     8a4:	0e 94 20 04 	call	0x840	; 0x840 <INT0_ISR>
     8a8:	ff 91       	pop	r31
     8aa:	ef 91       	pop	r30
     8ac:	bf 91       	pop	r27
     8ae:	af 91       	pop	r26
     8b0:	9f 91       	pop	r25
     8b2:	8f 91       	pop	r24
     8b4:	7f 91       	pop	r23
     8b6:	6f 91       	pop	r22
     8b8:	5f 91       	pop	r21
     8ba:	4f 91       	pop	r20
     8bc:	3f 91       	pop	r19
     8be:	2f 91       	pop	r18
     8c0:	0f 90       	pop	r0
     8c2:	0f be       	out	0x3f, r0	; 63
     8c4:	0f 90       	pop	r0
     8c6:	1f 90       	pop	r1
     8c8:	18 95       	reti

000008ca <__vector_2>:
     8ca:	1f 92       	push	r1
     8cc:	0f 92       	push	r0
     8ce:	0f b6       	in	r0, 0x3f	; 63
     8d0:	0f 92       	push	r0
     8d2:	11 24       	eor	r1, r1
     8d4:	2f 93       	push	r18
     8d6:	3f 93       	push	r19
     8d8:	4f 93       	push	r20
     8da:	5f 93       	push	r21
     8dc:	6f 93       	push	r22
     8de:	7f 93       	push	r23
     8e0:	8f 93       	push	r24
     8e2:	9f 93       	push	r25
     8e4:	af 93       	push	r26
     8e6:	bf 93       	push	r27
     8e8:	ef 93       	push	r30
     8ea:	ff 93       	push	r31
     8ec:	0e 94 2b 04 	call	0x856	; 0x856 <INT1_ISR>
     8f0:	ff 91       	pop	r31
     8f2:	ef 91       	pop	r30
     8f4:	bf 91       	pop	r27
     8f6:	af 91       	pop	r26
     8f8:	9f 91       	pop	r25
     8fa:	8f 91       	pop	r24
     8fc:	7f 91       	pop	r23
     8fe:	6f 91       	pop	r22
     900:	5f 91       	pop	r21
     902:	4f 91       	pop	r20
     904:	3f 91       	pop	r19
     906:	2f 91       	pop	r18
     908:	0f 90       	pop	r0
     90a:	0f be       	out	0x3f, r0	; 63
     90c:	0f 90       	pop	r0
     90e:	1f 90       	pop	r1
     910:	18 95       	reti

00000912 <__vector_3>:
     912:	1f 92       	push	r1
     914:	0f 92       	push	r0
     916:	0f b6       	in	r0, 0x3f	; 63
     918:	0f 92       	push	r0
     91a:	11 24       	eor	r1, r1
     91c:	2f 93       	push	r18
     91e:	3f 93       	push	r19
     920:	4f 93       	push	r20
     922:	5f 93       	push	r21
     924:	6f 93       	push	r22
     926:	7f 93       	push	r23
     928:	8f 93       	push	r24
     92a:	9f 93       	push	r25
     92c:	af 93       	push	r26
     92e:	bf 93       	push	r27
     930:	ef 93       	push	r30
     932:	ff 93       	push	r31
     934:	0e 94 36 04 	call	0x86c	; 0x86c <INT2_ISR>
     938:	ff 91       	pop	r31
     93a:	ef 91       	pop	r30
     93c:	bf 91       	pop	r27
     93e:	af 91       	pop	r26
     940:	9f 91       	pop	r25
     942:	8f 91       	pop	r24
     944:	7f 91       	pop	r23
     946:	6f 91       	pop	r22
     948:	5f 91       	pop	r21
     94a:	4f 91       	pop	r20
     94c:	3f 91       	pop	r19
     94e:	2f 91       	pop	r18
     950:	0f 90       	pop	r0
     952:	0f be       	out	0x3f, r0	; 63
     954:	0f 90       	pop	r0
     956:	1f 90       	pop	r1
     958:	18 95       	reti

0000095a <__vector_16>:
     95a:	1f 92       	push	r1
     95c:	0f 92       	push	r0
     95e:	0f b6       	in	r0, 0x3f	; 63
     960:	0f 92       	push	r0
     962:	11 24       	eor	r1, r1
     964:	2f 93       	push	r18
     966:	3f 93       	push	r19
     968:	4f 93       	push	r20
     96a:	5f 93       	push	r21
     96c:	6f 93       	push	r22
     96e:	7f 93       	push	r23
     970:	8f 93       	push	r24
     972:	9f 93       	push	r25
     974:	af 93       	push	r26
     976:	bf 93       	push	r27
     978:	ef 93       	push	r30
     97a:	ff 93       	push	r31
     97c:	0e 94 d1 02 	call	0x5a2	; 0x5a2 <ADC_ISR>
     980:	ff 91       	pop	r31
     982:	ef 91       	pop	r30
     984:	bf 91       	pop	r27
     986:	af 91       	pop	r26
     988:	9f 91       	pop	r25
     98a:	8f 91       	pop	r24
     98c:	7f 91       	pop	r23
     98e:	6f 91       	pop	r22
     990:	5f 91       	pop	r21
     992:	4f 91       	pop	r20
     994:	3f 91       	pop	r19
     996:	2f 91       	pop	r18
     998:	0f 90       	pop	r0
     99a:	0f be       	out	0x3f, r0	; 63
     99c:	0f 90       	pop	r0
     99e:	1f 90       	pop	r1
     9a0:	18 95       	reti

000009a2 <__vector_10>:
     9a2:	1f 92       	push	r1
     9a4:	0f 92       	push	r0
     9a6:	0f b6       	in	r0, 0x3f	; 63
     9a8:	0f 92       	push	r0
     9aa:	11 24       	eor	r1, r1
     9ac:	2f 93       	push	r18
     9ae:	3f 93       	push	r19
     9b0:	4f 93       	push	r20
     9b2:	5f 93       	push	r21
     9b4:	6f 93       	push	r22
     9b6:	7f 93       	push	r23
     9b8:	8f 93       	push	r24
     9ba:	9f 93       	push	r25
     9bc:	af 93       	push	r26
     9be:	bf 93       	push	r27
     9c0:	ef 93       	push	r30
     9c2:	ff 93       	push	r31
     9c4:	0e 94 b9 06 	call	0xd72	; 0xd72 <TMR0_Compare_ISR>
     9c8:	ff 91       	pop	r31
     9ca:	ef 91       	pop	r30
     9cc:	bf 91       	pop	r27
     9ce:	af 91       	pop	r26
     9d0:	9f 91       	pop	r25
     9d2:	8f 91       	pop	r24
     9d4:	7f 91       	pop	r23
     9d6:	6f 91       	pop	r22
     9d8:	5f 91       	pop	r21
     9da:	4f 91       	pop	r20
     9dc:	3f 91       	pop	r19
     9de:	2f 91       	pop	r18
     9e0:	0f 90       	pop	r0
     9e2:	0f be       	out	0x3f, r0	; 63
     9e4:	0f 90       	pop	r0
     9e6:	1f 90       	pop	r1
     9e8:	18 95       	reti

000009ea <__vector_11>:
     9ea:	1f 92       	push	r1
     9ec:	0f 92       	push	r0
     9ee:	0f b6       	in	r0, 0x3f	; 63
     9f0:	0f 92       	push	r0
     9f2:	11 24       	eor	r1, r1
     9f4:	2f 93       	push	r18
     9f6:	3f 93       	push	r19
     9f8:	4f 93       	push	r20
     9fa:	5f 93       	push	r21
     9fc:	6f 93       	push	r22
     9fe:	7f 93       	push	r23
     a00:	8f 93       	push	r24
     a02:	9f 93       	push	r25
     a04:	af 93       	push	r26
     a06:	bf 93       	push	r27
     a08:	ef 93       	push	r30
     a0a:	ff 93       	push	r31
     a0c:	0e 94 c4 06 	call	0xd88	; 0xd88 <TMR0_OverFlow_ISR>
     a10:	ff 91       	pop	r31
     a12:	ef 91       	pop	r30
     a14:	bf 91       	pop	r27
     a16:	af 91       	pop	r26
     a18:	9f 91       	pop	r25
     a1a:	8f 91       	pop	r24
     a1c:	7f 91       	pop	r23
     a1e:	6f 91       	pop	r22
     a20:	5f 91       	pop	r21
     a22:	4f 91       	pop	r20
     a24:	3f 91       	pop	r19
     a26:	2f 91       	pop	r18
     a28:	0f 90       	pop	r0
     a2a:	0f be       	out	0x3f, r0	; 63
     a2c:	0f 90       	pop	r0
     a2e:	1f 90       	pop	r1
     a30:	18 95       	reti

00000a32 <__vector_6>:
     a32:	1f 92       	push	r1
     a34:	0f 92       	push	r0
     a36:	0f b6       	in	r0, 0x3f	; 63
     a38:	0f 92       	push	r0
     a3a:	11 24       	eor	r1, r1
     a3c:	2f 93       	push	r18
     a3e:	3f 93       	push	r19
     a40:	4f 93       	push	r20
     a42:	5f 93       	push	r21
     a44:	6f 93       	push	r22
     a46:	7f 93       	push	r23
     a48:	8f 93       	push	r24
     a4a:	9f 93       	push	r25
     a4c:	af 93       	push	r26
     a4e:	bf 93       	push	r27
     a50:	ef 93       	push	r30
     a52:	ff 93       	push	r31
     a54:	0e 94 68 08 	call	0x10d0	; 0x10d0 <TMR1_Capture_ISR>
     a58:	ff 91       	pop	r31
     a5a:	ef 91       	pop	r30
     a5c:	bf 91       	pop	r27
     a5e:	af 91       	pop	r26
     a60:	9f 91       	pop	r25
     a62:	8f 91       	pop	r24
     a64:	7f 91       	pop	r23
     a66:	6f 91       	pop	r22
     a68:	5f 91       	pop	r21
     a6a:	4f 91       	pop	r20
     a6c:	3f 91       	pop	r19
     a6e:	2f 91       	pop	r18
     a70:	0f 90       	pop	r0
     a72:	0f be       	out	0x3f, r0	; 63
     a74:	0f 90       	pop	r0
     a76:	1f 90       	pop	r1
     a78:	18 95       	reti

00000a7a <__vector_7>:
     a7a:	1f 92       	push	r1
     a7c:	0f 92       	push	r0
     a7e:	0f b6       	in	r0, 0x3f	; 63
     a80:	0f 92       	push	r0
     a82:	11 24       	eor	r1, r1
     a84:	2f 93       	push	r18
     a86:	3f 93       	push	r19
     a88:	4f 93       	push	r20
     a8a:	5f 93       	push	r21
     a8c:	6f 93       	push	r22
     a8e:	7f 93       	push	r23
     a90:	8f 93       	push	r24
     a92:	9f 93       	push	r25
     a94:	af 93       	push	r26
     a96:	bf 93       	push	r27
     a98:	ef 93       	push	r30
     a9a:	ff 93       	push	r31
     a9c:	0e 94 7d 08 	call	0x10fa	; 0x10fa <TMR1_CompareA_ISR>
     aa0:	ff 91       	pop	r31
     aa2:	ef 91       	pop	r30
     aa4:	bf 91       	pop	r27
     aa6:	af 91       	pop	r26
     aa8:	9f 91       	pop	r25
     aaa:	8f 91       	pop	r24
     aac:	7f 91       	pop	r23
     aae:	6f 91       	pop	r22
     ab0:	5f 91       	pop	r21
     ab2:	4f 91       	pop	r20
     ab4:	3f 91       	pop	r19
     ab6:	2f 91       	pop	r18
     ab8:	0f 90       	pop	r0
     aba:	0f be       	out	0x3f, r0	; 63
     abc:	0f 90       	pop	r0
     abe:	1f 90       	pop	r1
     ac0:	18 95       	reti

00000ac2 <__vector_8>:
     ac2:	1f 92       	push	r1
     ac4:	0f 92       	push	r0
     ac6:	0f b6       	in	r0, 0x3f	; 63
     ac8:	0f 92       	push	r0
     aca:	11 24       	eor	r1, r1
     acc:	2f 93       	push	r18
     ace:	3f 93       	push	r19
     ad0:	4f 93       	push	r20
     ad2:	5f 93       	push	r21
     ad4:	6f 93       	push	r22
     ad6:	7f 93       	push	r23
     ad8:	8f 93       	push	r24
     ada:	9f 93       	push	r25
     adc:	af 93       	push	r26
     ade:	bf 93       	push	r27
     ae0:	ef 93       	push	r30
     ae2:	ff 93       	push	r31
     ae4:	0e 94 92 08 	call	0x1124	; 0x1124 <TMR1_CompareB_ISR>
     ae8:	ff 91       	pop	r31
     aea:	ef 91       	pop	r30
     aec:	bf 91       	pop	r27
     aee:	af 91       	pop	r26
     af0:	9f 91       	pop	r25
     af2:	8f 91       	pop	r24
     af4:	7f 91       	pop	r23
     af6:	6f 91       	pop	r22
     af8:	5f 91       	pop	r21
     afa:	4f 91       	pop	r20
     afc:	3f 91       	pop	r19
     afe:	2f 91       	pop	r18
     b00:	0f 90       	pop	r0
     b02:	0f be       	out	0x3f, r0	; 63
     b04:	0f 90       	pop	r0
     b06:	1f 90       	pop	r1
     b08:	18 95       	reti

00000b0a <__vector_9>:
     b0a:	1f 92       	push	r1
     b0c:	0f 92       	push	r0
     b0e:	0f b6       	in	r0, 0x3f	; 63
     b10:	0f 92       	push	r0
     b12:	11 24       	eor	r1, r1
     b14:	2f 93       	push	r18
     b16:	3f 93       	push	r19
     b18:	4f 93       	push	r20
     b1a:	5f 93       	push	r21
     b1c:	6f 93       	push	r22
     b1e:	7f 93       	push	r23
     b20:	8f 93       	push	r24
     b22:	9f 93       	push	r25
     b24:	af 93       	push	r26
     b26:	bf 93       	push	r27
     b28:	ef 93       	push	r30
     b2a:	ff 93       	push	r31
     b2c:	0e 94 a7 08 	call	0x114e	; 0x114e <TMR1_OverFlow_ISR>
     b30:	ff 91       	pop	r31
     b32:	ef 91       	pop	r30
     b34:	bf 91       	pop	r27
     b36:	af 91       	pop	r26
     b38:	9f 91       	pop	r25
     b3a:	8f 91       	pop	r24
     b3c:	7f 91       	pop	r23
     b3e:	6f 91       	pop	r22
     b40:	5f 91       	pop	r21
     b42:	4f 91       	pop	r20
     b44:	3f 91       	pop	r19
     b46:	2f 91       	pop	r18
     b48:	0f 90       	pop	r0
     b4a:	0f be       	out	0x3f, r0	; 63
     b4c:	0f 90       	pop	r0
     b4e:	1f 90       	pop	r1
     b50:	18 95       	reti

00000b52 <Timer0_Normal_Mode_Select>:
     b52:	00 97       	sbiw	r24, 0x00	; 0
     b54:	51 f1       	breq	.+84     	; 0xbaa <Timer0_Normal_Mode_Select+0x58>
     b56:	fc 01       	movw	r30, r24
     b58:	81 85       	ldd	r24, Z+9	; 0x09
     b5a:	81 30       	cpi	r24, 0x01	; 1
     b5c:	71 f0       	breq	.+28     	; 0xb7a <Timer0_Normal_Mode_Select+0x28>
     b5e:	28 f0       	brcs	.+10     	; 0xb6a <Timer0_Normal_Mode_Select+0x18>
     b60:	82 30       	cpi	r24, 0x02	; 2
     b62:	99 f0       	breq	.+38     	; 0xb8a <Timer0_Normal_Mode_Select+0x38>
     b64:	83 30       	cpi	r24, 0x03	; 3
     b66:	c9 f0       	breq	.+50     	; 0xb9a <Timer0_Normal_Mode_Select+0x48>
     b68:	22 c0       	rjmp	.+68     	; 0xbae <Timer0_Normal_Mode_Select+0x5c>
     b6a:	83 b7       	in	r24, 0x33	; 51
     b6c:	8f 7e       	andi	r24, 0xEF	; 239
     b6e:	83 bf       	out	0x33, r24	; 51
     b70:	83 b7       	in	r24, 0x33	; 51
     b72:	8f 7d       	andi	r24, 0xDF	; 223
     b74:	83 bf       	out	0x33, r24	; 51
     b76:	81 e0       	ldi	r24, 0x01	; 1
     b78:	08 95       	ret
     b7a:	83 b7       	in	r24, 0x33	; 51
     b7c:	80 61       	ori	r24, 0x10	; 16
     b7e:	83 bf       	out	0x33, r24	; 51
     b80:	83 b7       	in	r24, 0x33	; 51
     b82:	8f 7d       	andi	r24, 0xDF	; 223
     b84:	83 bf       	out	0x33, r24	; 51
     b86:	81 e0       	ldi	r24, 0x01	; 1
     b88:	08 95       	ret
     b8a:	83 b7       	in	r24, 0x33	; 51
     b8c:	8f 7e       	andi	r24, 0xEF	; 239
     b8e:	83 bf       	out	0x33, r24	; 51
     b90:	83 b7       	in	r24, 0x33	; 51
     b92:	80 62       	ori	r24, 0x20	; 32
     b94:	83 bf       	out	0x33, r24	; 51
     b96:	81 e0       	ldi	r24, 0x01	; 1
     b98:	08 95       	ret
     b9a:	83 b7       	in	r24, 0x33	; 51
     b9c:	80 61       	ori	r24, 0x10	; 16
     b9e:	83 bf       	out	0x33, r24	; 51
     ba0:	83 b7       	in	r24, 0x33	; 51
     ba2:	80 62       	ori	r24, 0x20	; 32
     ba4:	83 bf       	out	0x33, r24	; 51
     ba6:	81 e0       	ldi	r24, 0x01	; 1
     ba8:	08 95       	ret
     baa:	80 e0       	ldi	r24, 0x00	; 0
     bac:	08 95       	ret
     bae:	80 e0       	ldi	r24, 0x00	; 0
     bb0:	08 95       	ret

00000bb2 <Timer0_CTC_Mode_Select>:
     bb2:	00 97       	sbiw	r24, 0x00	; 0
     bb4:	51 f1       	breq	.+84     	; 0xc0a <Timer0_CTC_Mode_Select+0x58>
     bb6:	fc 01       	movw	r30, r24
     bb8:	81 85       	ldd	r24, Z+9	; 0x09
     bba:	81 30       	cpi	r24, 0x01	; 1
     bbc:	71 f0       	breq	.+28     	; 0xbda <Timer0_CTC_Mode_Select+0x28>
     bbe:	28 f0       	brcs	.+10     	; 0xbca <Timer0_CTC_Mode_Select+0x18>
     bc0:	82 30       	cpi	r24, 0x02	; 2
     bc2:	99 f0       	breq	.+38     	; 0xbea <Timer0_CTC_Mode_Select+0x38>
     bc4:	83 30       	cpi	r24, 0x03	; 3
     bc6:	c9 f0       	breq	.+50     	; 0xbfa <Timer0_CTC_Mode_Select+0x48>
     bc8:	22 c0       	rjmp	.+68     	; 0xc0e <Timer0_CTC_Mode_Select+0x5c>
     bca:	83 b7       	in	r24, 0x33	; 51
     bcc:	8f 7e       	andi	r24, 0xEF	; 239
     bce:	83 bf       	out	0x33, r24	; 51
     bd0:	83 b7       	in	r24, 0x33	; 51
     bd2:	8f 7d       	andi	r24, 0xDF	; 223
     bd4:	83 bf       	out	0x33, r24	; 51
     bd6:	81 e0       	ldi	r24, 0x01	; 1
     bd8:	08 95       	ret
     bda:	83 b7       	in	r24, 0x33	; 51
     bdc:	80 61       	ori	r24, 0x10	; 16
     bde:	83 bf       	out	0x33, r24	; 51
     be0:	83 b7       	in	r24, 0x33	; 51
     be2:	8f 7d       	andi	r24, 0xDF	; 223
     be4:	83 bf       	out	0x33, r24	; 51
     be6:	81 e0       	ldi	r24, 0x01	; 1
     be8:	08 95       	ret
     bea:	83 b7       	in	r24, 0x33	; 51
     bec:	8f 7e       	andi	r24, 0xEF	; 239
     bee:	83 bf       	out	0x33, r24	; 51
     bf0:	83 b7       	in	r24, 0x33	; 51
     bf2:	80 62       	ori	r24, 0x20	; 32
     bf4:	83 bf       	out	0x33, r24	; 51
     bf6:	81 e0       	ldi	r24, 0x01	; 1
     bf8:	08 95       	ret
     bfa:	83 b7       	in	r24, 0x33	; 51
     bfc:	80 61       	ori	r24, 0x10	; 16
     bfe:	83 bf       	out	0x33, r24	; 51
     c00:	83 b7       	in	r24, 0x33	; 51
     c02:	80 62       	ori	r24, 0x20	; 32
     c04:	83 bf       	out	0x33, r24	; 51
     c06:	81 e0       	ldi	r24, 0x01	; 1
     c08:	08 95       	ret
     c0a:	80 e0       	ldi	r24, 0x00	; 0
     c0c:	08 95       	ret
     c0e:	80 e0       	ldi	r24, 0x00	; 0
     c10:	08 95       	ret

00000c12 <Timer0_Fast_PWM_Mode_Select>:
     c12:	00 97       	sbiw	r24, 0x00	; 0
     c14:	01 f1       	breq	.+64     	; 0xc56 <Timer0_Fast_PWM_Mode_Select+0x44>
     c16:	fc 01       	movw	r30, r24
     c18:	82 85       	ldd	r24, Z+10	; 0x0a
     c1a:	82 30       	cpi	r24, 0x02	; 2
     c1c:	61 f0       	breq	.+24     	; 0xc36 <Timer0_Fast_PWM_Mode_Select+0x24>
     c1e:	83 30       	cpi	r24, 0x03	; 3
     c20:	91 f0       	breq	.+36     	; 0xc46 <Timer0_Fast_PWM_Mode_Select+0x34>
     c22:	81 11       	cpse	r24, r1
     c24:	1a c0       	rjmp	.+52     	; 0xc5a <Timer0_Fast_PWM_Mode_Select+0x48>
     c26:	83 b7       	in	r24, 0x33	; 51
     c28:	8f 7e       	andi	r24, 0xEF	; 239
     c2a:	83 bf       	out	0x33, r24	; 51
     c2c:	83 b7       	in	r24, 0x33	; 51
     c2e:	8f 7d       	andi	r24, 0xDF	; 223
     c30:	83 bf       	out	0x33, r24	; 51
     c32:	81 e0       	ldi	r24, 0x01	; 1
     c34:	08 95       	ret
     c36:	83 b7       	in	r24, 0x33	; 51
     c38:	8f 7e       	andi	r24, 0xEF	; 239
     c3a:	83 bf       	out	0x33, r24	; 51
     c3c:	83 b7       	in	r24, 0x33	; 51
     c3e:	80 62       	ori	r24, 0x20	; 32
     c40:	83 bf       	out	0x33, r24	; 51
     c42:	81 e0       	ldi	r24, 0x01	; 1
     c44:	08 95       	ret
     c46:	83 b7       	in	r24, 0x33	; 51
     c48:	80 61       	ori	r24, 0x10	; 16
     c4a:	83 bf       	out	0x33, r24	; 51
     c4c:	83 b7       	in	r24, 0x33	; 51
     c4e:	80 62       	ori	r24, 0x20	; 32
     c50:	83 bf       	out	0x33, r24	; 51
     c52:	81 e0       	ldi	r24, 0x01	; 1
     c54:	08 95       	ret
     c56:	80 e0       	ldi	r24, 0x00	; 0
     c58:	08 95       	ret
     c5a:	80 e0       	ldi	r24, 0x00	; 0
     c5c:	08 95       	ret

00000c5e <TMR0_Interrupt_Init>:
     c5e:	00 97       	sbiw	r24, 0x00	; 0
     c60:	e9 f0       	breq	.+58     	; 0xc9c <TMR0_Interrupt_Init+0x3e>
     c62:	fc 01       	movw	r30, r24
     c64:	20 81       	ld	r18, Z
     c66:	31 81       	ldd	r19, Z+1	; 0x01
     c68:	30 93 b0 00 	sts	0x00B0, r19	; 0x8000b0 <TMR0_Compare_InterruptHandler+0x1>
     c6c:	20 93 af 00 	sts	0x00AF, r18	; 0x8000af <TMR0_Compare_InterruptHandler>
     c70:	29 b7       	in	r18, 0x39	; 57
     c72:	22 60       	ori	r18, 0x02	; 2
     c74:	29 bf       	out	0x39, r18	; 57
     c76:	28 b7       	in	r18, 0x38	; 56
     c78:	22 60       	ori	r18, 0x02	; 2
     c7a:	28 bf       	out	0x38, r18	; 56
     c7c:	78 94       	sei
     c7e:	82 81       	ldd	r24, Z+2	; 0x02
     c80:	93 81       	ldd	r25, Z+3	; 0x03
     c82:	90 93 ae 00 	sts	0x00AE, r25	; 0x8000ae <TMR0_OverFlow_InterruptHandler+0x1>
     c86:	80 93 ad 00 	sts	0x00AD, r24	; 0x8000ad <TMR0_OverFlow_InterruptHandler>
     c8a:	89 b7       	in	r24, 0x39	; 57
     c8c:	81 60       	ori	r24, 0x01	; 1
     c8e:	89 bf       	out	0x39, r24	; 57
     c90:	88 b7       	in	r24, 0x38	; 56
     c92:	81 60       	ori	r24, 0x01	; 1
     c94:	88 bf       	out	0x38, r24	; 56
     c96:	78 94       	sei
     c98:	81 e0       	ldi	r24, 0x01	; 1
     c9a:	08 95       	ret
     c9c:	80 e0       	ldi	r24, 0x00	; 0
     c9e:	08 95       	ret

00000ca0 <Timer0_Init>:
     ca0:	0f 93       	push	r16
     ca2:	1f 93       	push	r17
     ca4:	cf 93       	push	r28
     ca6:	df 93       	push	r29
     ca8:	1f 92       	push	r1
     caa:	cd b7       	in	r28, 0x3d	; 61
     cac:	de b7       	in	r29, 0x3e	; 62
     cae:	8c 01       	movw	r16, r24
     cb0:	89 2b       	or	r24, r25
     cb2:	09 f4       	brne	.+2      	; 0xcb6 <Timer0_Init+0x16>
     cb4:	48 c0       	rjmp	.+144    	; 0xd46 <Timer0_Init+0xa6>
     cb6:	80 91 9d 00 	lds	r24, 0x009D	; 0x80009d <oc1a_cmode+0x1>
     cba:	89 83       	std	Y+1, r24	; 0x01
     cbc:	ce 01       	movw	r24, r28
     cbe:	01 96       	adiw	r24, 0x01	; 1
     cc0:	0e 94 dc 02 	call	0x5b8	; 0x5b8 <gpio_pin_direction_intialize>
     cc4:	f8 01       	movw	r30, r16
     cc6:	84 81       	ldd	r24, Z+4	; 0x04
     cc8:	80 93 ac 00 	sts	0x00AC, r24	; 0x8000ac <timer0_preload_value>
     ccc:	82 bf       	out	0x32, r24	; 50
     cce:	85 81       	ldd	r24, Z+5	; 0x05
     cd0:	8c bf       	out	0x3c, r24	; 60
     cd2:	85 81       	ldd	r24, Z+5	; 0x05
     cd4:	80 93 ab 00 	sts	0x00AB, r24	; 0x8000ab <compare_value>
     cd8:	86 81       	ldd	r24, Z+6	; 0x06
     cda:	81 30       	cpi	r24, 0x01	; 1
     cdc:	19 f4       	brne	.+6      	; 0xce4 <Timer0_Init+0x44>
     cde:	c8 01       	movw	r24, r16
     ce0:	0e 94 2f 06 	call	0xc5e	; 0xc5e <TMR0_Interrupt_Init>
     ce4:	f8 01       	movw	r30, r16
     ce6:	80 85       	ldd	r24, Z+8	; 0x08
     ce8:	82 30       	cpi	r24, 0x02	; 2
     cea:	89 f0       	breq	.+34     	; 0xd0e <Timer0_Init+0x6e>
     cec:	83 30       	cpi	r24, 0x03	; 3
     cee:	e1 f0       	breq	.+56     	; 0xd28 <Timer0_Init+0x88>
     cf0:	81 11       	cpse	r24, r1
     cf2:	27 c0       	rjmp	.+78     	; 0xd42 <Timer0_Init+0xa2>
     cf4:	83 b7       	in	r24, 0x33	; 51
     cf6:	8f 77       	andi	r24, 0x7F	; 127
     cf8:	83 bf       	out	0x33, r24	; 51
     cfa:	83 b7       	in	r24, 0x33	; 51
     cfc:	8f 7b       	andi	r24, 0xBF	; 191
     cfe:	83 bf       	out	0x33, r24	; 51
     d00:	83 b7       	in	r24, 0x33	; 51
     d02:	87 7f       	andi	r24, 0xF7	; 247
     d04:	83 bf       	out	0x33, r24	; 51
     d06:	c8 01       	movw	r24, r16
     d08:	0e 94 a9 05 	call	0xb52	; 0xb52 <Timer0_Normal_Mode_Select>
     d0c:	1d c0       	rjmp	.+58     	; 0xd48 <Timer0_Init+0xa8>
     d0e:	83 b7       	in	r24, 0x33	; 51
     d10:	8f 77       	andi	r24, 0x7F	; 127
     d12:	83 bf       	out	0x33, r24	; 51
     d14:	83 b7       	in	r24, 0x33	; 51
     d16:	8f 7b       	andi	r24, 0xBF	; 191
     d18:	83 bf       	out	0x33, r24	; 51
     d1a:	83 b7       	in	r24, 0x33	; 51
     d1c:	88 60       	ori	r24, 0x08	; 8
     d1e:	83 bf       	out	0x33, r24	; 51
     d20:	c8 01       	movw	r24, r16
     d22:	0e 94 d9 05 	call	0xbb2	; 0xbb2 <Timer0_CTC_Mode_Select>
     d26:	10 c0       	rjmp	.+32     	; 0xd48 <Timer0_Init+0xa8>
     d28:	83 b7       	in	r24, 0x33	; 51
     d2a:	8f 77       	andi	r24, 0x7F	; 127
     d2c:	83 bf       	out	0x33, r24	; 51
     d2e:	83 b7       	in	r24, 0x33	; 51
     d30:	80 64       	ori	r24, 0x40	; 64
     d32:	83 bf       	out	0x33, r24	; 51
     d34:	83 b7       	in	r24, 0x33	; 51
     d36:	88 60       	ori	r24, 0x08	; 8
     d38:	83 bf       	out	0x33, r24	; 51
     d3a:	c8 01       	movw	r24, r16
     d3c:	0e 94 09 06 	call	0xc12	; 0xc12 <Timer0_Fast_PWM_Mode_Select>
     d40:	03 c0       	rjmp	.+6      	; 0xd48 <Timer0_Init+0xa8>
     d42:	80 e0       	ldi	r24, 0x00	; 0
     d44:	01 c0       	rjmp	.+2      	; 0xd48 <Timer0_Init+0xa8>
     d46:	80 e0       	ldi	r24, 0x00	; 0
     d48:	93 b7       	in	r25, 0x33	; 51
     d4a:	98 7f       	andi	r25, 0xF8	; 248
     d4c:	93 bf       	out	0x33, r25	; 51
     d4e:	23 b7       	in	r18, 0x33	; 51
     d50:	f8 01       	movw	r30, r16
     d52:	97 81       	ldd	r25, Z+7	; 0x07
     d54:	92 2b       	or	r25, r18
     d56:	93 bf       	out	0x33, r25	; 51
     d58:	0f 90       	pop	r0
     d5a:	df 91       	pop	r29
     d5c:	cf 91       	pop	r28
     d5e:	1f 91       	pop	r17
     d60:	0f 91       	pop	r16
     d62:	08 95       	ret

00000d64 <Timer0_Set_Duty>:
     d64:	89 2b       	or	r24, r25
     d66:	19 f0       	breq	.+6      	; 0xd6e <Timer0_Set_Duty+0xa>
     d68:	6c bf       	out	0x3c, r22	; 60
     d6a:	81 e0       	ldi	r24, 0x01	; 1
     d6c:	08 95       	ret
     d6e:	80 e0       	ldi	r24, 0x00	; 0
     d70:	08 95       	ret

00000d72 <TMR0_Compare_ISR>:
     d72:	88 b7       	in	r24, 0x38	; 56
     d74:	82 60       	ori	r24, 0x02	; 2
     d76:	88 bf       	out	0x38, r24	; 56
     d78:	e0 91 af 00 	lds	r30, 0x00AF	; 0x8000af <TMR0_Compare_InterruptHandler>
     d7c:	f0 91 b0 00 	lds	r31, 0x00B0	; 0x8000b0 <TMR0_Compare_InterruptHandler+0x1>
     d80:	30 97       	sbiw	r30, 0x00	; 0
     d82:	09 f0       	breq	.+2      	; 0xd86 <TMR0_Compare_ISR+0x14>
     d84:	09 95       	icall
     d86:	08 95       	ret

00000d88 <TMR0_OverFlow_ISR>:
     d88:	88 b7       	in	r24, 0x38	; 56
     d8a:	81 60       	ori	r24, 0x01	; 1
     d8c:	88 bf       	out	0x38, r24	; 56
     d8e:	80 91 ac 00 	lds	r24, 0x00AC	; 0x8000ac <timer0_preload_value>
     d92:	82 bf       	out	0x32, r24	; 50
     d94:	e0 91 ad 00 	lds	r30, 0x00AD	; 0x8000ad <TMR0_OverFlow_InterruptHandler>
     d98:	f0 91 ae 00 	lds	r31, 0x00AE	; 0x8000ae <TMR0_OverFlow_InterruptHandler+0x1>
     d9c:	30 97       	sbiw	r30, 0x00	; 0
     d9e:	09 f0       	breq	.+2      	; 0xda2 <TMR0_OverFlow_ISR+0x1a>
     da0:	09 95       	icall
     da2:	08 95       	ret

00000da4 <TMR1_NORMAL_OR_CTC_MODE_SELECT>:
     da4:	00 97       	sbiw	r24, 0x00	; 0
     da6:	09 f4       	brne	.+2      	; 0xdaa <TMR1_NORMAL_OR_CTC_MODE_SELECT+0x6>
     da8:	4f c0       	rjmp	.+158    	; 0xe48 <TMR1_NORMAL_OR_CTC_MODE_SELECT+0xa4>
     daa:	fc 01       	movw	r30, r24
     dac:	23 89       	ldd	r18, Z+19	; 0x13
     dae:	21 30       	cpi	r18, 0x01	; 1
     db0:	69 f0       	breq	.+26     	; 0xdcc <TMR1_NORMAL_OR_CTC_MODE_SELECT+0x28>
     db2:	28 f0       	brcs	.+10     	; 0xdbe <TMR1_NORMAL_OR_CTC_MODE_SELECT+0x1a>
     db4:	22 30       	cpi	r18, 0x02	; 2
     db6:	89 f0       	breq	.+34     	; 0xdda <TMR1_NORMAL_OR_CTC_MODE_SELECT+0x36>
     db8:	23 30       	cpi	r18, 0x03	; 3
     dba:	b1 f0       	breq	.+44     	; 0xde8 <TMR1_NORMAL_OR_CTC_MODE_SELECT+0x44>
     dbc:	1b c0       	rjmp	.+54     	; 0xdf4 <TMR1_NORMAL_OR_CTC_MODE_SELECT+0x50>
     dbe:	2f b5       	in	r18, 0x2f	; 47
     dc0:	2f 77       	andi	r18, 0x7F	; 127
     dc2:	2f bd       	out	0x2f, r18	; 47
     dc4:	2f b5       	in	r18, 0x2f	; 47
     dc6:	2f 7b       	andi	r18, 0xBF	; 191
     dc8:	2f bd       	out	0x2f, r18	; 47
     dca:	14 c0       	rjmp	.+40     	; 0xdf4 <TMR1_NORMAL_OR_CTC_MODE_SELECT+0x50>
     dcc:	2f b5       	in	r18, 0x2f	; 47
     dce:	2f 77       	andi	r18, 0x7F	; 127
     dd0:	2f bd       	out	0x2f, r18	; 47
     dd2:	2f b5       	in	r18, 0x2f	; 47
     dd4:	20 64       	ori	r18, 0x40	; 64
     dd6:	2f bd       	out	0x2f, r18	; 47
     dd8:	0d c0       	rjmp	.+26     	; 0xdf4 <TMR1_NORMAL_OR_CTC_MODE_SELECT+0x50>
     dda:	2f b5       	in	r18, 0x2f	; 47
     ddc:	20 68       	ori	r18, 0x80	; 128
     dde:	2f bd       	out	0x2f, r18	; 47
     de0:	2f b5       	in	r18, 0x2f	; 47
     de2:	2f 7b       	andi	r18, 0xBF	; 191
     de4:	2f bd       	out	0x2f, r18	; 47
     de6:	06 c0       	rjmp	.+12     	; 0xdf4 <TMR1_NORMAL_OR_CTC_MODE_SELECT+0x50>
     de8:	2f b5       	in	r18, 0x2f	; 47
     dea:	20 68       	ori	r18, 0x80	; 128
     dec:	2f bd       	out	0x2f, r18	; 47
     dee:	2f b5       	in	r18, 0x2f	; 47
     df0:	20 64       	ori	r18, 0x40	; 64
     df2:	2f bd       	out	0x2f, r18	; 47
     df4:	fc 01       	movw	r30, r24
     df6:	84 89       	ldd	r24, Z+20	; 0x14
     df8:	81 30       	cpi	r24, 0x01	; 1
     dfa:	71 f0       	breq	.+28     	; 0xe18 <TMR1_NORMAL_OR_CTC_MODE_SELECT+0x74>
     dfc:	28 f0       	brcs	.+10     	; 0xe08 <TMR1_NORMAL_OR_CTC_MODE_SELECT+0x64>
     dfe:	82 30       	cpi	r24, 0x02	; 2
     e00:	99 f0       	breq	.+38     	; 0xe28 <TMR1_NORMAL_OR_CTC_MODE_SELECT+0x84>
     e02:	83 30       	cpi	r24, 0x03	; 3
     e04:	c9 f0       	breq	.+50     	; 0xe38 <TMR1_NORMAL_OR_CTC_MODE_SELECT+0x94>
     e06:	22 c0       	rjmp	.+68     	; 0xe4c <TMR1_NORMAL_OR_CTC_MODE_SELECT+0xa8>
     e08:	8f b5       	in	r24, 0x2f	; 47
     e0a:	8f 7d       	andi	r24, 0xDF	; 223
     e0c:	8f bd       	out	0x2f, r24	; 47
     e0e:	8f b5       	in	r24, 0x2f	; 47
     e10:	8f 7e       	andi	r24, 0xEF	; 239
     e12:	8f bd       	out	0x2f, r24	; 47
     e14:	81 e0       	ldi	r24, 0x01	; 1
     e16:	08 95       	ret
     e18:	8f b5       	in	r24, 0x2f	; 47
     e1a:	8f 7d       	andi	r24, 0xDF	; 223
     e1c:	8f bd       	out	0x2f, r24	; 47
     e1e:	8f b5       	in	r24, 0x2f	; 47
     e20:	80 61       	ori	r24, 0x10	; 16
     e22:	8f bd       	out	0x2f, r24	; 47
     e24:	81 e0       	ldi	r24, 0x01	; 1
     e26:	08 95       	ret
     e28:	8f b5       	in	r24, 0x2f	; 47
     e2a:	80 62       	ori	r24, 0x20	; 32
     e2c:	8f bd       	out	0x2f, r24	; 47
     e2e:	8f b5       	in	r24, 0x2f	; 47
     e30:	8f 7e       	andi	r24, 0xEF	; 239
     e32:	8f bd       	out	0x2f, r24	; 47
     e34:	81 e0       	ldi	r24, 0x01	; 1
     e36:	08 95       	ret
     e38:	8f b5       	in	r24, 0x2f	; 47
     e3a:	80 62       	ori	r24, 0x20	; 32
     e3c:	8f bd       	out	0x2f, r24	; 47
     e3e:	8f b5       	in	r24, 0x2f	; 47
     e40:	80 61       	ori	r24, 0x10	; 16
     e42:	8f bd       	out	0x2f, r24	; 47
     e44:	81 e0       	ldi	r24, 0x01	; 1
     e46:	08 95       	ret
     e48:	80 e0       	ldi	r24, 0x00	; 0
     e4a:	08 95       	ret
     e4c:	81 e0       	ldi	r24, 0x01	; 1
     e4e:	08 95       	ret

00000e50 <TMR1_FAST_PWM_MODE_SELECT>:
     e50:	00 97       	sbiw	r24, 0x00	; 0
     e52:	09 f4       	brne	.+2      	; 0xe56 <TMR1_FAST_PWM_MODE_SELECT+0x6>
     e54:	4f c0       	rjmp	.+158    	; 0xef4 <TMR1_FAST_PWM_MODE_SELECT+0xa4>
     e56:	fc 01       	movw	r30, r24
     e58:	25 89       	ldd	r18, Z+21	; 0x15
     e5a:	21 30       	cpi	r18, 0x01	; 1
     e5c:	69 f0       	breq	.+26     	; 0xe78 <TMR1_FAST_PWM_MODE_SELECT+0x28>
     e5e:	28 f0       	brcs	.+10     	; 0xe6a <TMR1_FAST_PWM_MODE_SELECT+0x1a>
     e60:	22 30       	cpi	r18, 0x02	; 2
     e62:	89 f0       	breq	.+34     	; 0xe86 <TMR1_FAST_PWM_MODE_SELECT+0x36>
     e64:	23 30       	cpi	r18, 0x03	; 3
     e66:	b1 f0       	breq	.+44     	; 0xe94 <TMR1_FAST_PWM_MODE_SELECT+0x44>
     e68:	1b c0       	rjmp	.+54     	; 0xea0 <TMR1_FAST_PWM_MODE_SELECT+0x50>
     e6a:	2f b5       	in	r18, 0x2f	; 47
     e6c:	2f 77       	andi	r18, 0x7F	; 127
     e6e:	2f bd       	out	0x2f, r18	; 47
     e70:	2f b5       	in	r18, 0x2f	; 47
     e72:	2f 7b       	andi	r18, 0xBF	; 191
     e74:	2f bd       	out	0x2f, r18	; 47
     e76:	14 c0       	rjmp	.+40     	; 0xea0 <TMR1_FAST_PWM_MODE_SELECT+0x50>
     e78:	2f b5       	in	r18, 0x2f	; 47
     e7a:	2f 77       	andi	r18, 0x7F	; 127
     e7c:	2f bd       	out	0x2f, r18	; 47
     e7e:	2f b5       	in	r18, 0x2f	; 47
     e80:	20 64       	ori	r18, 0x40	; 64
     e82:	2f bd       	out	0x2f, r18	; 47
     e84:	0d c0       	rjmp	.+26     	; 0xea0 <TMR1_FAST_PWM_MODE_SELECT+0x50>
     e86:	2f b5       	in	r18, 0x2f	; 47
     e88:	20 68       	ori	r18, 0x80	; 128
     e8a:	2f bd       	out	0x2f, r18	; 47
     e8c:	2f b5       	in	r18, 0x2f	; 47
     e8e:	2f 7b       	andi	r18, 0xBF	; 191
     e90:	2f bd       	out	0x2f, r18	; 47
     e92:	06 c0       	rjmp	.+12     	; 0xea0 <TMR1_FAST_PWM_MODE_SELECT+0x50>
     e94:	2f b5       	in	r18, 0x2f	; 47
     e96:	20 68       	ori	r18, 0x80	; 128
     e98:	2f bd       	out	0x2f, r18	; 47
     e9a:	2f b5       	in	r18, 0x2f	; 47
     e9c:	20 64       	ori	r18, 0x40	; 64
     e9e:	2f bd       	out	0x2f, r18	; 47
     ea0:	fc 01       	movw	r30, r24
     ea2:	86 89       	ldd	r24, Z+22	; 0x16
     ea4:	81 30       	cpi	r24, 0x01	; 1
     ea6:	71 f0       	breq	.+28     	; 0xec4 <TMR1_FAST_PWM_MODE_SELECT+0x74>
     ea8:	28 f0       	brcs	.+10     	; 0xeb4 <TMR1_FAST_PWM_MODE_SELECT+0x64>
     eaa:	82 30       	cpi	r24, 0x02	; 2
     eac:	99 f0       	breq	.+38     	; 0xed4 <TMR1_FAST_PWM_MODE_SELECT+0x84>
     eae:	83 30       	cpi	r24, 0x03	; 3
     eb0:	c9 f0       	breq	.+50     	; 0xee4 <TMR1_FAST_PWM_MODE_SELECT+0x94>
     eb2:	22 c0       	rjmp	.+68     	; 0xef8 <TMR1_FAST_PWM_MODE_SELECT+0xa8>
     eb4:	8f b5       	in	r24, 0x2f	; 47
     eb6:	8f 7d       	andi	r24, 0xDF	; 223
     eb8:	8f bd       	out	0x2f, r24	; 47
     eba:	8f b5       	in	r24, 0x2f	; 47
     ebc:	8f 7e       	andi	r24, 0xEF	; 239
     ebe:	8f bd       	out	0x2f, r24	; 47
     ec0:	81 e0       	ldi	r24, 0x01	; 1
     ec2:	08 95       	ret
     ec4:	8f b5       	in	r24, 0x2f	; 47
     ec6:	8f 7d       	andi	r24, 0xDF	; 223
     ec8:	8f bd       	out	0x2f, r24	; 47
     eca:	8f b5       	in	r24, 0x2f	; 47
     ecc:	80 61       	ori	r24, 0x10	; 16
     ece:	8f bd       	out	0x2f, r24	; 47
     ed0:	81 e0       	ldi	r24, 0x01	; 1
     ed2:	08 95       	ret
     ed4:	8f b5       	in	r24, 0x2f	; 47
     ed6:	80 62       	ori	r24, 0x20	; 32
     ed8:	8f bd       	out	0x2f, r24	; 47
     eda:	8f b5       	in	r24, 0x2f	; 47
     edc:	8f 7e       	andi	r24, 0xEF	; 239
     ede:	8f bd       	out	0x2f, r24	; 47
     ee0:	81 e0       	ldi	r24, 0x01	; 1
     ee2:	08 95       	ret
     ee4:	8f b5       	in	r24, 0x2f	; 47
     ee6:	80 62       	ori	r24, 0x20	; 32
     ee8:	8f bd       	out	0x2f, r24	; 47
     eea:	8f b5       	in	r24, 0x2f	; 47
     eec:	80 61       	ori	r24, 0x10	; 16
     eee:	8f bd       	out	0x2f, r24	; 47
     ef0:	81 e0       	ldi	r24, 0x01	; 1
     ef2:	08 95       	ret
     ef4:	80 e0       	ldi	r24, 0x00	; 0
     ef6:	08 95       	ret
     ef8:	81 e0       	ldi	r24, 0x01	; 1
     efa:	08 95       	ret

00000efc <TMR1_Interrupt_Init>:
     efc:	fc 01       	movw	r30, r24
     efe:	89 2b       	or	r24, r25
     f00:	b1 f1       	breq	.+108    	; 0xf6e <TMR1_Interrupt_Init+0x72>
     f02:	80 81       	ld	r24, Z
     f04:	91 81       	ldd	r25, Z+1	; 0x01
     f06:	90 93 be 00 	sts	0x00BE, r25	; 0x8000be <TMR1_Capture_InterruptHandler+0x1>
     f0a:	80 93 bd 00 	sts	0x00BD, r24	; 0x8000bd <TMR1_Capture_InterruptHandler>
     f0e:	89 b7       	in	r24, 0x39	; 57
     f10:	80 62       	ori	r24, 0x20	; 32
     f12:	89 bf       	out	0x39, r24	; 57
     f14:	88 b7       	in	r24, 0x38	; 56
     f16:	80 62       	ori	r24, 0x20	; 32
     f18:	88 bf       	out	0x38, r24	; 56
     f1a:	78 94       	sei
     f1c:	82 81       	ldd	r24, Z+2	; 0x02
     f1e:	93 81       	ldd	r25, Z+3	; 0x03
     f20:	90 93 bc 00 	sts	0x00BC, r25	; 0x8000bc <TMR1_CompareA_InterruptHandler+0x1>
     f24:	80 93 bb 00 	sts	0x00BB, r24	; 0x8000bb <TMR1_CompareA_InterruptHandler>
     f28:	89 b7       	in	r24, 0x39	; 57
     f2a:	80 61       	ori	r24, 0x10	; 16
     f2c:	89 bf       	out	0x39, r24	; 57
     f2e:	88 b7       	in	r24, 0x38	; 56
     f30:	80 61       	ori	r24, 0x10	; 16
     f32:	88 bf       	out	0x38, r24	; 56
     f34:	78 94       	sei
     f36:	84 81       	ldd	r24, Z+4	; 0x04
     f38:	95 81       	ldd	r25, Z+5	; 0x05
     f3a:	90 93 ba 00 	sts	0x00BA, r25	; 0x8000ba <TMR1_CompareB_InterruptHandler+0x1>
     f3e:	80 93 b9 00 	sts	0x00B9, r24	; 0x8000b9 <TMR1_CompareB_InterruptHandler>
     f42:	89 b7       	in	r24, 0x39	; 57
     f44:	88 60       	ori	r24, 0x08	; 8
     f46:	89 bf       	out	0x39, r24	; 57
     f48:	88 b7       	in	r24, 0x38	; 56
     f4a:	88 60       	ori	r24, 0x08	; 8
     f4c:	88 bf       	out	0x38, r24	; 56
     f4e:	78 94       	sei
     f50:	86 81       	ldd	r24, Z+6	; 0x06
     f52:	97 81       	ldd	r25, Z+7	; 0x07
     f54:	90 93 b8 00 	sts	0x00B8, r25	; 0x8000b8 <TMR1_OverFlow_InterruptHandler+0x1>
     f58:	80 93 b7 00 	sts	0x00B7, r24	; 0x8000b7 <TMR1_OverFlow_InterruptHandler>
     f5c:	89 b7       	in	r24, 0x39	; 57
     f5e:	84 60       	ori	r24, 0x04	; 4
     f60:	89 bf       	out	0x39, r24	; 57
     f62:	88 b7       	in	r24, 0x38	; 56
     f64:	84 60       	ori	r24, 0x04	; 4
     f66:	88 bf       	out	0x38, r24	; 56
     f68:	78 94       	sei
     f6a:	81 e0       	ldi	r24, 0x01	; 1
     f6c:	08 95       	ret
     f6e:	80 e0       	ldi	r24, 0x00	; 0
     f70:	08 95       	ret

00000f72 <Timer1_Init>:
     f72:	0f 93       	push	r16
     f74:	1f 93       	push	r17
     f76:	cf 93       	push	r28
     f78:	df 93       	push	r29
     f7a:	00 d0       	rcall	.+0      	; 0xf7c <Timer1_Init+0xa>
     f7c:	cd b7       	in	r28, 0x3d	; 61
     f7e:	de b7       	in	r29, 0x3e	; 62
     f80:	00 97       	sbiw	r24, 0x00	; 0
     f82:	09 f4       	brne	.+2      	; 0xf86 <Timer1_Init+0x14>
     f84:	9d c0       	rjmp	.+314    	; 0x10c0 <Timer1_Init+0x14e>
     f86:	8c 01       	movw	r16, r24
     f88:	80 91 9e 00 	lds	r24, 0x009E	; 0x80009e <oc1a_cmode+0x2>
     f8c:	8a 83       	std	Y+2, r24	; 0x02
     f8e:	80 91 9f 00 	lds	r24, 0x009F	; 0x80009f <oc1a_cmode+0x3>
     f92:	89 83       	std	Y+1, r24	; 0x01
     f94:	ce 01       	movw	r24, r28
     f96:	02 96       	adiw	r24, 0x02	; 2
     f98:	0e 94 dc 02 	call	0x5b8	; 0x5b8 <gpio_pin_direction_intialize>
     f9c:	ce 01       	movw	r24, r28
     f9e:	01 96       	adiw	r24, 0x01	; 1
     fa0:	0e 94 dc 02 	call	0x5b8	; 0x5b8 <gpio_pin_direction_intialize>
     fa4:	f8 01       	movw	r30, r16
     fa6:	83 85       	ldd	r24, Z+11	; 0x0b
     fa8:	8b bd       	out	0x2b, r24	; 43
     faa:	82 85       	ldd	r24, Z+10	; 0x0a
     fac:	8a bd       	out	0x2a, r24	; 42
     fae:	82 85       	ldd	r24, Z+10	; 0x0a
     fb0:	93 85       	ldd	r25, Z+11	; 0x0b
     fb2:	90 93 b4 00 	sts	0x00B4, r25	; 0x8000b4 <compareA_value+0x1>
     fb6:	80 93 b3 00 	sts	0x00B3, r24	; 0x8000b3 <compareA_value>
     fba:	85 85       	ldd	r24, Z+13	; 0x0d
     fbc:	89 bd       	out	0x29, r24	; 41
     fbe:	84 85       	ldd	r24, Z+12	; 0x0c
     fc0:	88 bd       	out	0x28, r24	; 40
     fc2:	84 85       	ldd	r24, Z+12	; 0x0c
     fc4:	95 85       	ldd	r25, Z+13	; 0x0d
     fc6:	90 93 b2 00 	sts	0x00B2, r25	; 0x8000b2 <compareB_value+0x1>
     fca:	80 93 b1 00 	sts	0x00B1, r24	; 0x8000b1 <compareB_value>
     fce:	87 85       	ldd	r24, Z+15	; 0x0f
     fd0:	87 bd       	out	0x27, r24	; 39
     fd2:	86 85       	ldd	r24, Z+14	; 0x0e
     fd4:	86 bd       	out	0x26, r24	; 38
     fd6:	86 85       	ldd	r24, Z+14	; 0x0e
     fd8:	97 85       	ldd	r25, Z+15	; 0x0f
     fda:	90 93 b6 00 	sts	0x00B6, r25	; 0x8000b6 <capture_value+0x1>
     fde:	80 93 b5 00 	sts	0x00B5, r24	; 0x8000b5 <capture_value>
     fe2:	80 89       	ldd	r24, Z+16	; 0x10
     fe4:	81 30       	cpi	r24, 0x01	; 1
     fe6:	19 f4       	brne	.+6      	; 0xfee <Timer1_Init+0x7c>
     fe8:	c8 01       	movw	r24, r16
     fea:	0e 94 7e 07 	call	0xefc	; 0xefc <TMR1_Interrupt_Init>
     fee:	f8 01       	movw	r30, r16
     ff0:	82 89       	ldd	r24, Z+18	; 0x12
     ff2:	82 30       	cpi	r24, 0x02	; 2
     ff4:	61 f1       	breq	.+88     	; 0x104e <Timer1_Init+0xdc>
     ff6:	28 f4       	brcc	.+10     	; 0x1002 <Timer1_Init+0x90>
     ff8:	88 23       	and	r24, r24
     ffa:	49 f0       	breq	.+18     	; 0x100e <Timer1_Init+0x9c>
     ffc:	81 30       	cpi	r24, 0x01	; 1
     ffe:	b9 f0       	breq	.+46     	; 0x102e <Timer1_Init+0xbc>
    1000:	55 c0       	rjmp	.+170    	; 0x10ac <Timer1_Init+0x13a>
    1002:	83 30       	cpi	r24, 0x03	; 3
    1004:	a1 f1       	breq	.+104    	; 0x106e <Timer1_Init+0xfc>
    1006:	84 30       	cpi	r24, 0x04	; 4
    1008:	09 f4       	brne	.+2      	; 0x100c <Timer1_Init+0x9a>
    100a:	41 c0       	rjmp	.+130    	; 0x108e <Timer1_Init+0x11c>
    100c:	4f c0       	rjmp	.+158    	; 0x10ac <Timer1_Init+0x13a>
    100e:	8f b5       	in	r24, 0x2f	; 47
    1010:	8e 7f       	andi	r24, 0xFE	; 254
    1012:	8f bd       	out	0x2f, r24	; 47
    1014:	8f b5       	in	r24, 0x2f	; 47
    1016:	8d 7f       	andi	r24, 0xFD	; 253
    1018:	8f bd       	out	0x2f, r24	; 47
    101a:	8e b5       	in	r24, 0x2e	; 46
    101c:	87 7f       	andi	r24, 0xF7	; 247
    101e:	8e bd       	out	0x2e, r24	; 46
    1020:	8e b5       	in	r24, 0x2e	; 46
    1022:	8f 7e       	andi	r24, 0xEF	; 239
    1024:	8e bd       	out	0x2e, r24	; 46
    1026:	c8 01       	movw	r24, r16
    1028:	0e 94 d2 06 	call	0xda4	; 0xda4 <TMR1_NORMAL_OR_CTC_MODE_SELECT>
    102c:	3f c0       	rjmp	.+126    	; 0x10ac <Timer1_Init+0x13a>
    102e:	8f b5       	in	r24, 0x2f	; 47
    1030:	8e 7f       	andi	r24, 0xFE	; 254
    1032:	8f bd       	out	0x2f, r24	; 47
    1034:	8f b5       	in	r24, 0x2f	; 47
    1036:	8d 7f       	andi	r24, 0xFD	; 253
    1038:	8f bd       	out	0x2f, r24	; 47
    103a:	8e b5       	in	r24, 0x2e	; 46
    103c:	88 60       	ori	r24, 0x08	; 8
    103e:	8e bd       	out	0x2e, r24	; 46
    1040:	8e b5       	in	r24, 0x2e	; 46
    1042:	80 61       	ori	r24, 0x10	; 16
    1044:	8e bd       	out	0x2e, r24	; 46
    1046:	c8 01       	movw	r24, r16
    1048:	0e 94 d2 06 	call	0xda4	; 0xda4 <TMR1_NORMAL_OR_CTC_MODE_SELECT>
    104c:	2f c0       	rjmp	.+94     	; 0x10ac <Timer1_Init+0x13a>
    104e:	8f b5       	in	r24, 0x2f	; 47
    1050:	8e 7f       	andi	r24, 0xFE	; 254
    1052:	8f bd       	out	0x2f, r24	; 47
    1054:	8f b5       	in	r24, 0x2f	; 47
    1056:	8d 7f       	andi	r24, 0xFD	; 253
    1058:	8f bd       	out	0x2f, r24	; 47
    105a:	8e b5       	in	r24, 0x2e	; 46
    105c:	88 60       	ori	r24, 0x08	; 8
    105e:	8e bd       	out	0x2e, r24	; 46
    1060:	8e b5       	in	r24, 0x2e	; 46
    1062:	8f 7e       	andi	r24, 0xEF	; 239
    1064:	8e bd       	out	0x2e, r24	; 46
    1066:	c8 01       	movw	r24, r16
    1068:	0e 94 d2 06 	call	0xda4	; 0xda4 <TMR1_NORMAL_OR_CTC_MODE_SELECT>
    106c:	1f c0       	rjmp	.+62     	; 0x10ac <Timer1_Init+0x13a>
    106e:	8f b5       	in	r24, 0x2f	; 47
    1070:	8e 7f       	andi	r24, 0xFE	; 254
    1072:	8f bd       	out	0x2f, r24	; 47
    1074:	8f b5       	in	r24, 0x2f	; 47
    1076:	82 60       	ori	r24, 0x02	; 2
    1078:	8f bd       	out	0x2f, r24	; 47
    107a:	8e b5       	in	r24, 0x2e	; 46
    107c:	88 60       	ori	r24, 0x08	; 8
    107e:	8e bd       	out	0x2e, r24	; 46
    1080:	8e b5       	in	r24, 0x2e	; 46
    1082:	80 61       	ori	r24, 0x10	; 16
    1084:	8e bd       	out	0x2e, r24	; 46
    1086:	c8 01       	movw	r24, r16
    1088:	0e 94 28 07 	call	0xe50	; 0xe50 <TMR1_FAST_PWM_MODE_SELECT>
    108c:	0f c0       	rjmp	.+30     	; 0x10ac <Timer1_Init+0x13a>
    108e:	8f b5       	in	r24, 0x2f	; 47
    1090:	81 60       	ori	r24, 0x01	; 1
    1092:	8f bd       	out	0x2f, r24	; 47
    1094:	8f b5       	in	r24, 0x2f	; 47
    1096:	82 60       	ori	r24, 0x02	; 2
    1098:	8f bd       	out	0x2f, r24	; 47
    109a:	8e b5       	in	r24, 0x2e	; 46
    109c:	88 60       	ori	r24, 0x08	; 8
    109e:	8e bd       	out	0x2e, r24	; 46
    10a0:	8e b5       	in	r24, 0x2e	; 46
    10a2:	80 61       	ori	r24, 0x10	; 16
    10a4:	8e bd       	out	0x2e, r24	; 46
    10a6:	c8 01       	movw	r24, r16
    10a8:	0e 94 28 07 	call	0xe50	; 0xe50 <TMR1_FAST_PWM_MODE_SELECT>
    10ac:	8e b5       	in	r24, 0x2e	; 46
    10ae:	88 7f       	andi	r24, 0xF8	; 248
    10b0:	8e bd       	out	0x2e, r24	; 46
    10b2:	9e b5       	in	r25, 0x2e	; 46
    10b4:	f8 01       	movw	r30, r16
    10b6:	81 89       	ldd	r24, Z+17	; 0x11
    10b8:	89 2b       	or	r24, r25
    10ba:	8e bd       	out	0x2e, r24	; 46
    10bc:	81 e0       	ldi	r24, 0x01	; 1
    10be:	01 c0       	rjmp	.+2      	; 0x10c2 <Timer1_Init+0x150>
    10c0:	80 e0       	ldi	r24, 0x00	; 0
    10c2:	0f 90       	pop	r0
    10c4:	0f 90       	pop	r0
    10c6:	df 91       	pop	r29
    10c8:	cf 91       	pop	r28
    10ca:	1f 91       	pop	r17
    10cc:	0f 91       	pop	r16
    10ce:	08 95       	ret

000010d0 <TMR1_Capture_ISR>:
    10d0:	88 b7       	in	r24, 0x38	; 56
    10d2:	80 62       	ori	r24, 0x20	; 32
    10d4:	88 bf       	out	0x38, r24	; 56
    10d6:	80 91 b5 00 	lds	r24, 0x00B5	; 0x8000b5 <capture_value>
    10da:	90 91 b6 00 	lds	r25, 0x00B6	; 0x8000b6 <capture_value+0x1>
    10de:	97 bd       	out	0x27, r25	; 39
    10e0:	80 91 b5 00 	lds	r24, 0x00B5	; 0x8000b5 <capture_value>
    10e4:	90 91 b6 00 	lds	r25, 0x00B6	; 0x8000b6 <capture_value+0x1>
    10e8:	86 bd       	out	0x26, r24	; 38
    10ea:	e0 91 bd 00 	lds	r30, 0x00BD	; 0x8000bd <TMR1_Capture_InterruptHandler>
    10ee:	f0 91 be 00 	lds	r31, 0x00BE	; 0x8000be <TMR1_Capture_InterruptHandler+0x1>
    10f2:	30 97       	sbiw	r30, 0x00	; 0
    10f4:	09 f0       	breq	.+2      	; 0x10f8 <TMR1_Capture_ISR+0x28>
    10f6:	09 95       	icall
    10f8:	08 95       	ret

000010fa <TMR1_CompareA_ISR>:
    10fa:	88 b7       	in	r24, 0x38	; 56
    10fc:	80 61       	ori	r24, 0x10	; 16
    10fe:	88 bf       	out	0x38, r24	; 56
    1100:	80 91 b3 00 	lds	r24, 0x00B3	; 0x8000b3 <compareA_value>
    1104:	90 91 b4 00 	lds	r25, 0x00B4	; 0x8000b4 <compareA_value+0x1>
    1108:	9b bd       	out	0x2b, r25	; 43
    110a:	80 91 b3 00 	lds	r24, 0x00B3	; 0x8000b3 <compareA_value>
    110e:	90 91 b4 00 	lds	r25, 0x00B4	; 0x8000b4 <compareA_value+0x1>
    1112:	8a bd       	out	0x2a, r24	; 42
    1114:	e0 91 bb 00 	lds	r30, 0x00BB	; 0x8000bb <TMR1_CompareA_InterruptHandler>
    1118:	f0 91 bc 00 	lds	r31, 0x00BC	; 0x8000bc <TMR1_CompareA_InterruptHandler+0x1>
    111c:	30 97       	sbiw	r30, 0x00	; 0
    111e:	09 f0       	breq	.+2      	; 0x1122 <TMR1_CompareA_ISR+0x28>
    1120:	09 95       	icall
    1122:	08 95       	ret

00001124 <TMR1_CompareB_ISR>:
    1124:	88 b7       	in	r24, 0x38	; 56
    1126:	88 60       	ori	r24, 0x08	; 8
    1128:	88 bf       	out	0x38, r24	; 56
    112a:	80 91 b1 00 	lds	r24, 0x00B1	; 0x8000b1 <compareB_value>
    112e:	90 91 b2 00 	lds	r25, 0x00B2	; 0x8000b2 <compareB_value+0x1>
    1132:	99 bd       	out	0x29, r25	; 41
    1134:	80 91 b1 00 	lds	r24, 0x00B1	; 0x8000b1 <compareB_value>
    1138:	90 91 b2 00 	lds	r25, 0x00B2	; 0x8000b2 <compareB_value+0x1>
    113c:	88 bd       	out	0x28, r24	; 40
    113e:	e0 91 b9 00 	lds	r30, 0x00B9	; 0x8000b9 <TMR1_CompareB_InterruptHandler>
    1142:	f0 91 ba 00 	lds	r31, 0x00BA	; 0x8000ba <TMR1_CompareB_InterruptHandler+0x1>
    1146:	30 97       	sbiw	r30, 0x00	; 0
    1148:	09 f0       	breq	.+2      	; 0x114c <TMR1_CompareB_ISR+0x28>
    114a:	09 95       	icall
    114c:	08 95       	ret

0000114e <TMR1_OverFlow_ISR>:
    114e:	88 b7       	in	r24, 0x38	; 56
    1150:	84 60       	ori	r24, 0x04	; 4
    1152:	88 bf       	out	0x38, r24	; 56
    1154:	e0 91 b7 00 	lds	r30, 0x00B7	; 0x8000b7 <TMR1_OverFlow_InterruptHandler>
    1158:	f0 91 b8 00 	lds	r31, 0x00B8	; 0x8000b8 <TMR1_OverFlow_InterruptHandler+0x1>
    115c:	30 97       	sbiw	r30, 0x00	; 0
    115e:	09 f0       	breq	.+2      	; 0x1162 <TMR1_OverFlow_ISR+0x14>
    1160:	09 95       	icall
    1162:	08 95       	ret

00001164 <LDR_Services_Initialize>:
    1164:	83 e9       	ldi	r24, 0x93	; 147
    1166:	90 e0       	ldi	r25, 0x00	; 0
    1168:	0e 94 90 01 	call	0x320	; 0x320 <ADC_Init>
    116c:	8d e8       	ldi	r24, 0x8D	; 141
    116e:	90 e0       	ldi	r25, 0x00	; 0
    1170:	0e 94 90 01 	call	0x320	; 0x320 <ADC_Init>
    1174:	87 e8       	ldi	r24, 0x87	; 135
    1176:	90 e0       	ldi	r25, 0x00	; 0
    1178:	0e 94 90 01 	call	0x320	; 0x320 <ADC_Init>
    117c:	81 e8       	ldi	r24, 0x81	; 129
    117e:	90 e0       	ldi	r25, 0x00	; 0
    1180:	0e 94 90 01 	call	0x320	; 0x320 <ADC_Init>
    1184:	8b e7       	ldi	r24, 0x7B	; 123
    1186:	90 e0       	ldi	r25, 0x00	; 0
    1188:	0e 94 90 01 	call	0x320	; 0x320 <ADC_Init>
    118c:	08 95       	ret

0000118e <Lighting_Services_Initialize>:
    118e:	8a e9       	ldi	r24, 0x9A	; 154
    1190:	90 e0       	ldi	r25, 0x00	; 0
    1192:	0e 94 16 01 	call	0x22c	; 0x22c <led_intialize>
    1196:	89 e9       	ldi	r24, 0x99	; 153
    1198:	90 e0       	ldi	r25, 0x00	; 0
    119a:	0e 94 16 01 	call	0x22c	; 0x22c <led_intialize>
    119e:	08 95       	ret

000011a0 <Front_Light_Right_ON>:
    11a0:	8a e9       	ldi	r24, 0x9A	; 154
    11a2:	90 e0       	ldi	r25, 0x00	; 0
    11a4:	0e 94 3e 01 	call	0x27c	; 0x27c <led_turn_on>
    11a8:	08 95       	ret

000011aa <Front_Light_Right_OFF>:
    11aa:	8a e9       	ldi	r24, 0x9A	; 154
    11ac:	90 e0       	ldi	r25, 0x00	; 0
    11ae:	0e 94 67 01 	call	0x2ce	; 0x2ce <led_turn_off>
    11b2:	08 95       	ret

000011b4 <Front_Light_Left_ON>:
    11b4:	89 e9       	ldi	r24, 0x99	; 153
    11b6:	90 e0       	ldi	r25, 0x00	; 0
    11b8:	0e 94 3e 01 	call	0x27c	; 0x27c <led_turn_on>
    11bc:	08 95       	ret

000011be <Front_Light_Left_OFF>:
    11be:	89 e9       	ldi	r24, 0x99	; 153
    11c0:	90 e0       	ldi	r25, 0x00	; 0
    11c2:	0e 94 67 01 	call	0x2ce	; 0x2ce <led_turn_off>
    11c6:	08 95       	ret

000011c8 <Front_Light_ALL_ON>:
    11c8:	8a e9       	ldi	r24, 0x9A	; 154
    11ca:	90 e0       	ldi	r25, 0x00	; 0
    11cc:	0e 94 3e 01 	call	0x27c	; 0x27c <led_turn_on>
    11d0:	89 e9       	ldi	r24, 0x99	; 153
    11d2:	90 e0       	ldi	r25, 0x00	; 0
    11d4:	0e 94 3e 01 	call	0x27c	; 0x27c <led_turn_on>
    11d8:	08 95       	ret

000011da <Front_Light_ALL_OFF>:
    11da:	8a e9       	ldi	r24, 0x9A	; 154
    11dc:	90 e0       	ldi	r25, 0x00	; 0
    11de:	0e 94 67 01 	call	0x2ce	; 0x2ce <led_turn_off>
    11e2:	89 e9       	ldi	r24, 0x99	; 153
    11e4:	90 e0       	ldi	r25, 0x00	; 0
    11e6:	0e 94 67 01 	call	0x2ce	; 0x2ce <led_turn_off>
    11ea:	08 95       	ret

000011ec <Break_Light_Defult>:
    11ec:	0f 93       	push	r16
    11ee:	1f 93       	push	r17
    11f0:	cf 93       	push	r28
    11f2:	df 93       	push	r29
    11f4:	cd b7       	in	r28, 0x3d	; 61
    11f6:	de b7       	in	r29, 0x3e	; 62
    11f8:	2b 97       	sbiw	r28, 0x0b	; 11
    11fa:	0f b6       	in	r0, 0x3f	; 63
    11fc:	f8 94       	cli
    11fe:	de bf       	out	0x3e, r29	; 62
    1200:	0f be       	out	0x3f, r0	; 63
    1202:	cd bf       	out	0x3d, r28	; 61
    1204:	8e 01       	movw	r16, r28
    1206:	0f 5f       	subi	r16, 0xFF	; 255
    1208:	1f 4f       	sbci	r17, 0xFF	; 255
    120a:	8b e0       	ldi	r24, 0x0B	; 11
    120c:	f8 01       	movw	r30, r16
    120e:	11 92       	st	Z+, r1
    1210:	8a 95       	dec	r24
    1212:	e9 f7       	brne	.-6      	; 0x120e <Break_Light_Defult+0x22>
    1214:	84 e0       	ldi	r24, 0x04	; 4
    1216:	88 87       	std	Y+8, r24	; 0x08
    1218:	83 e0       	ldi	r24, 0x03	; 3
    121a:	89 87       	std	Y+9, r24	; 0x09
    121c:	82 e0       	ldi	r24, 0x02	; 2
    121e:	8b 87       	std	Y+11, r24	; 0x0b
    1220:	c8 01       	movw	r24, r16
    1222:	0e 94 50 06 	call	0xca0	; 0xca0 <Timer0_Init>
    1226:	69 e1       	ldi	r22, 0x19	; 25
    1228:	c8 01       	movw	r24, r16
    122a:	0e 94 b2 06 	call	0xd64	; 0xd64 <Timer0_Set_Duty>
    122e:	2b 96       	adiw	r28, 0x0b	; 11
    1230:	0f b6       	in	r0, 0x3f	; 63
    1232:	f8 94       	cli
    1234:	de bf       	out	0x3e, r29	; 62
    1236:	0f be       	out	0x3f, r0	; 63
    1238:	cd bf       	out	0x3d, r28	; 61
    123a:	df 91       	pop	r29
    123c:	cf 91       	pop	r28
    123e:	1f 91       	pop	r17
    1240:	0f 91       	pop	r16
    1242:	08 95       	ret

00001244 <Break_Light_Full>:
    1244:	0f 93       	push	r16
    1246:	1f 93       	push	r17
    1248:	cf 93       	push	r28
    124a:	df 93       	push	r29
    124c:	cd b7       	in	r28, 0x3d	; 61
    124e:	de b7       	in	r29, 0x3e	; 62
    1250:	2b 97       	sbiw	r28, 0x0b	; 11
    1252:	0f b6       	in	r0, 0x3f	; 63
    1254:	f8 94       	cli
    1256:	de bf       	out	0x3e, r29	; 62
    1258:	0f be       	out	0x3f, r0	; 63
    125a:	cd bf       	out	0x3d, r28	; 61
    125c:	8e 01       	movw	r16, r28
    125e:	0f 5f       	subi	r16, 0xFF	; 255
    1260:	1f 4f       	sbci	r17, 0xFF	; 255
    1262:	8b e0       	ldi	r24, 0x0B	; 11
    1264:	f8 01       	movw	r30, r16
    1266:	11 92       	st	Z+, r1
    1268:	8a 95       	dec	r24
    126a:	e9 f7       	brne	.-6      	; 0x1266 <Break_Light_Full+0x22>
    126c:	84 e0       	ldi	r24, 0x04	; 4
    126e:	88 87       	std	Y+8, r24	; 0x08
    1270:	83 e0       	ldi	r24, 0x03	; 3
    1272:	89 87       	std	Y+9, r24	; 0x09
    1274:	82 e0       	ldi	r24, 0x02	; 2
    1276:	8b 87       	std	Y+11, r24	; 0x0b
    1278:	c8 01       	movw	r24, r16
    127a:	0e 94 50 06 	call	0xca0	; 0xca0 <Timer0_Init>
    127e:	6f ef       	ldi	r22, 0xFF	; 255
    1280:	c8 01       	movw	r24, r16
    1282:	0e 94 b2 06 	call	0xd64	; 0xd64 <Timer0_Set_Duty>
    1286:	2b 96       	adiw	r28, 0x0b	; 11
    1288:	0f b6       	in	r0, 0x3f	; 63
    128a:	f8 94       	cli
    128c:	de bf       	out	0x3e, r29	; 62
    128e:	0f be       	out	0x3f, r0	; 63
    1290:	cd bf       	out	0x3d, r28	; 61
    1292:	df 91       	pop	r29
    1294:	cf 91       	pop	r28
    1296:	1f 91       	pop	r17
    1298:	0f 91       	pop	r16
    129a:	08 95       	ret

0000129c <Hazard_Light_Right_ON>:
    129c:	cf 93       	push	r28
    129e:	df 93       	push	r29
    12a0:	cd b7       	in	r28, 0x3d	; 61
    12a2:	de b7       	in	r29, 0x3e	; 62
    12a4:	69 97       	sbiw	r28, 0x19	; 25
    12a6:	0f b6       	in	r0, 0x3f	; 63
    12a8:	f8 94       	cli
    12aa:	de bf       	out	0x3e, r29	; 62
    12ac:	0f be       	out	0x3f, r0	; 63
    12ae:	cd bf       	out	0x3d, r28	; 61
    12b0:	21 e0       	ldi	r18, 0x01	; 1
    12b2:	20 93 9c 00 	sts	0x009C, r18	; 0x80009c <oc1a_cmode>
    12b6:	ce 01       	movw	r24, r28
    12b8:	01 96       	adiw	r24, 0x01	; 1
    12ba:	39 e1       	ldi	r19, 0x19	; 25
    12bc:	fc 01       	movw	r30, r24
    12be:	11 92       	st	Z+, r1
    12c0:	3a 95       	dec	r19
    12c2:	e9 f7       	brne	.-6      	; 0x12be <Hazard_Light_Right_ON+0x22>
    12c4:	42 e1       	ldi	r20, 0x12	; 18
    12c6:	5a e7       	ldi	r21, 0x7A	; 122
    12c8:	5c 87       	std	Y+12, r21	; 0x0c
    12ca:	4b 87       	std	Y+11, r20	; 0x0b
    12cc:	5e 87       	std	Y+14, r21	; 0x0e
    12ce:	4d 87       	std	Y+13, r20	; 0x0d
    12d0:	34 e0       	ldi	r19, 0x04	; 4
    12d2:	3a 8b       	std	Y+18, r19	; 0x12
    12d4:	32 e0       	ldi	r19, 0x02	; 2
    12d6:	3b 8b       	std	Y+19, r19	; 0x13
    12d8:	2c 8b       	std	Y+20, r18	; 0x14
    12da:	20 91 9b 00 	lds	r18, 0x009B	; 0x80009b <oc1b_cmode>
    12de:	2d 8b       	std	Y+21, r18	; 0x15
    12e0:	0e 94 b9 07 	call	0xf72	; 0xf72 <Timer1_Init>
    12e4:	69 96       	adiw	r28, 0x19	; 25
    12e6:	0f b6       	in	r0, 0x3f	; 63
    12e8:	f8 94       	cli
    12ea:	de bf       	out	0x3e, r29	; 62
    12ec:	0f be       	out	0x3f, r0	; 63
    12ee:	cd bf       	out	0x3d, r28	; 61
    12f0:	df 91       	pop	r29
    12f2:	cf 91       	pop	r28
    12f4:	08 95       	ret

000012f6 <Hazard_Light_Right_OFF>:
    12f6:	1f 93       	push	r17
    12f8:	cf 93       	push	r28
    12fa:	df 93       	push	r29
    12fc:	cd b7       	in	r28, 0x3d	; 61
    12fe:	de b7       	in	r29, 0x3e	; 62
    1300:	69 97       	sbiw	r28, 0x19	; 25
    1302:	0f b6       	in	r0, 0x3f	; 63
    1304:	f8 94       	cli
    1306:	de bf       	out	0x3e, r29	; 62
    1308:	0f be       	out	0x3f, r0	; 63
    130a:	cd bf       	out	0x3d, r28	; 61
    130c:	10 92 9c 00 	sts	0x009C, r1	; 0x80009c <oc1a_cmode>
    1310:	ce 01       	movw	r24, r28
    1312:	01 96       	adiw	r24, 0x01	; 1
    1314:	29 e1       	ldi	r18, 0x19	; 25
    1316:	fc 01       	movw	r30, r24
    1318:	11 92       	st	Z+, r1
    131a:	2a 95       	dec	r18
    131c:	e9 f7       	brne	.-6      	; 0x1318 <Hazard_Light_Right_OFF+0x22>
    131e:	14 e0       	ldi	r17, 0x04	; 4
    1320:	1a 8b       	std	Y+18, r17	; 0x12
    1322:	22 e0       	ldi	r18, 0x02	; 2
    1324:	2b 8b       	std	Y+19, r18	; 0x13
    1326:	20 91 9b 00 	lds	r18, 0x009B	; 0x80009b <oc1b_cmode>
    132a:	2d 8b       	std	Y+21, r18	; 0x15
    132c:	0e 94 b9 07 	call	0xf72	; 0xf72 <Timer1_Init>
    1330:	10 93 9c 00 	sts	0x009C, r17	; 0x80009c <oc1a_cmode>
    1334:	69 96       	adiw	r28, 0x19	; 25
    1336:	0f b6       	in	r0, 0x3f	; 63
    1338:	f8 94       	cli
    133a:	de bf       	out	0x3e, r29	; 62
    133c:	0f be       	out	0x3f, r0	; 63
    133e:	cd bf       	out	0x3d, r28	; 61
    1340:	df 91       	pop	r29
    1342:	cf 91       	pop	r28
    1344:	1f 91       	pop	r17
    1346:	08 95       	ret

00001348 <Hazard_Light_Left_ON>:
    1348:	cf 93       	push	r28
    134a:	df 93       	push	r29
    134c:	cd b7       	in	r28, 0x3d	; 61
    134e:	de b7       	in	r29, 0x3e	; 62
    1350:	69 97       	sbiw	r28, 0x19	; 25
    1352:	0f b6       	in	r0, 0x3f	; 63
    1354:	f8 94       	cli
    1356:	de bf       	out	0x3e, r29	; 62
    1358:	0f be       	out	0x3f, r0	; 63
    135a:	cd bf       	out	0x3d, r28	; 61
    135c:	21 e0       	ldi	r18, 0x01	; 1
    135e:	20 93 9b 00 	sts	0x009B, r18	; 0x80009b <oc1b_cmode>
    1362:	ce 01       	movw	r24, r28
    1364:	01 96       	adiw	r24, 0x01	; 1
    1366:	39 e1       	ldi	r19, 0x19	; 25
    1368:	fc 01       	movw	r30, r24
    136a:	11 92       	st	Z+, r1
    136c:	3a 95       	dec	r19
    136e:	e9 f7       	brne	.-6      	; 0x136a <Hazard_Light_Left_ON+0x22>
    1370:	42 e1       	ldi	r20, 0x12	; 18
    1372:	5a e7       	ldi	r21, 0x7A	; 122
    1374:	5c 87       	std	Y+12, r21	; 0x0c
    1376:	4b 87       	std	Y+11, r20	; 0x0b
    1378:	5e 87       	std	Y+14, r21	; 0x0e
    137a:	4d 87       	std	Y+13, r20	; 0x0d
    137c:	34 e0       	ldi	r19, 0x04	; 4
    137e:	3a 8b       	std	Y+18, r19	; 0x12
    1380:	32 e0       	ldi	r19, 0x02	; 2
    1382:	3b 8b       	std	Y+19, r19	; 0x13
    1384:	30 91 9c 00 	lds	r19, 0x009C	; 0x80009c <oc1a_cmode>
    1388:	3c 8b       	std	Y+20, r19	; 0x14
    138a:	2d 8b       	std	Y+21, r18	; 0x15
    138c:	0e 94 b9 07 	call	0xf72	; 0xf72 <Timer1_Init>
    1390:	69 96       	adiw	r28, 0x19	; 25
    1392:	0f b6       	in	r0, 0x3f	; 63
    1394:	f8 94       	cli
    1396:	de bf       	out	0x3e, r29	; 62
    1398:	0f be       	out	0x3f, r0	; 63
    139a:	cd bf       	out	0x3d, r28	; 61
    139c:	df 91       	pop	r29
    139e:	cf 91       	pop	r28
    13a0:	08 95       	ret

000013a2 <Hazard_Light_Left_OFF>:
    13a2:	1f 93       	push	r17
    13a4:	cf 93       	push	r28
    13a6:	df 93       	push	r29
    13a8:	cd b7       	in	r28, 0x3d	; 61
    13aa:	de b7       	in	r29, 0x3e	; 62
    13ac:	69 97       	sbiw	r28, 0x19	; 25
    13ae:	0f b6       	in	r0, 0x3f	; 63
    13b0:	f8 94       	cli
    13b2:	de bf       	out	0x3e, r29	; 62
    13b4:	0f be       	out	0x3f, r0	; 63
    13b6:	cd bf       	out	0x3d, r28	; 61
    13b8:	10 92 9b 00 	sts	0x009B, r1	; 0x80009b <oc1b_cmode>
    13bc:	ce 01       	movw	r24, r28
    13be:	01 96       	adiw	r24, 0x01	; 1
    13c0:	29 e1       	ldi	r18, 0x19	; 25
    13c2:	fc 01       	movw	r30, r24
    13c4:	11 92       	st	Z+, r1
    13c6:	2a 95       	dec	r18
    13c8:	e9 f7       	brne	.-6      	; 0x13c4 <Hazard_Light_Left_OFF+0x22>
    13ca:	14 e0       	ldi	r17, 0x04	; 4
    13cc:	1a 8b       	std	Y+18, r17	; 0x12
    13ce:	22 e0       	ldi	r18, 0x02	; 2
    13d0:	2b 8b       	std	Y+19, r18	; 0x13
    13d2:	20 91 9c 00 	lds	r18, 0x009C	; 0x80009c <oc1a_cmode>
    13d6:	2c 8b       	std	Y+20, r18	; 0x14
    13d8:	0e 94 b9 07 	call	0xf72	; 0xf72 <Timer1_Init>
    13dc:	10 93 9b 00 	sts	0x009B, r17	; 0x80009b <oc1b_cmode>
    13e0:	69 96       	adiw	r28, 0x19	; 25
    13e2:	0f b6       	in	r0, 0x3f	; 63
    13e4:	f8 94       	cli
    13e6:	de bf       	out	0x3e, r29	; 62
    13e8:	0f be       	out	0x3f, r0	; 63
    13ea:	cd bf       	out	0x3d, r28	; 61
    13ec:	df 91       	pop	r29
    13ee:	cf 91       	pop	r28
    13f0:	1f 91       	pop	r17
    13f2:	08 95       	ret

000013f4 <Hazard_Light_ALL_ON>:
    13f4:	cf 93       	push	r28
    13f6:	df 93       	push	r29
    13f8:	cd b7       	in	r28, 0x3d	; 61
    13fa:	de b7       	in	r29, 0x3e	; 62
    13fc:	69 97       	sbiw	r28, 0x19	; 25
    13fe:	0f b6       	in	r0, 0x3f	; 63
    1400:	f8 94       	cli
    1402:	de bf       	out	0x3e, r29	; 62
    1404:	0f be       	out	0x3f, r0	; 63
    1406:	cd bf       	out	0x3d, r28	; 61
    1408:	91 e0       	ldi	r25, 0x01	; 1
    140a:	90 93 9c 00 	sts	0x009C, r25	; 0x80009c <oc1a_cmode>
    140e:	90 93 9b 00 	sts	0x009B, r25	; 0x80009b <oc1b_cmode>
    1412:	fe 01       	movw	r30, r28
    1414:	31 96       	adiw	r30, 0x01	; 1
    1416:	89 e1       	ldi	r24, 0x19	; 25
    1418:	df 01       	movw	r26, r30
    141a:	1d 92       	st	X+, r1
    141c:	8a 95       	dec	r24
    141e:	e9 f7       	brne	.-6      	; 0x141a <Hazard_Light_ALL_ON+0x26>
    1420:	22 e1       	ldi	r18, 0x12	; 18
    1422:	3a e7       	ldi	r19, 0x7A	; 122
    1424:	3c 87       	std	Y+12, r19	; 0x0c
    1426:	2b 87       	std	Y+11, r18	; 0x0b
    1428:	3e 87       	std	Y+14, r19	; 0x0e
    142a:	2d 87       	std	Y+13, r18	; 0x0d
    142c:	84 e0       	ldi	r24, 0x04	; 4
    142e:	8a 8b       	std	Y+18, r24	; 0x12
    1430:	82 e0       	ldi	r24, 0x02	; 2
    1432:	8b 8b       	std	Y+19, r24	; 0x13
    1434:	9c 8b       	std	Y+20, r25	; 0x14
    1436:	9d 8b       	std	Y+21, r25	; 0x15
    1438:	cf 01       	movw	r24, r30
    143a:	0e 94 b9 07 	call	0xf72	; 0xf72 <Timer1_Init>
    143e:	69 96       	adiw	r28, 0x19	; 25
    1440:	0f b6       	in	r0, 0x3f	; 63
    1442:	f8 94       	cli
    1444:	de bf       	out	0x3e, r29	; 62
    1446:	0f be       	out	0x3f, r0	; 63
    1448:	cd bf       	out	0x3d, r28	; 61
    144a:	df 91       	pop	r29
    144c:	cf 91       	pop	r28
    144e:	08 95       	ret

00001450 <Hazard_Light_ALL_OFF>:
    1450:	1f 93       	push	r17
    1452:	cf 93       	push	r28
    1454:	df 93       	push	r29
    1456:	cd b7       	in	r28, 0x3d	; 61
    1458:	de b7       	in	r29, 0x3e	; 62
    145a:	69 97       	sbiw	r28, 0x19	; 25
    145c:	0f b6       	in	r0, 0x3f	; 63
    145e:	f8 94       	cli
    1460:	de bf       	out	0x3e, r29	; 62
    1462:	0f be       	out	0x3f, r0	; 63
    1464:	cd bf       	out	0x3d, r28	; 61
    1466:	10 92 9c 00 	sts	0x009C, r1	; 0x80009c <oc1a_cmode>
    146a:	10 92 9b 00 	sts	0x009B, r1	; 0x80009b <oc1b_cmode>
    146e:	ce 01       	movw	r24, r28
    1470:	01 96       	adiw	r24, 0x01	; 1
    1472:	29 e1       	ldi	r18, 0x19	; 25
    1474:	fc 01       	movw	r30, r24
    1476:	11 92       	st	Z+, r1
    1478:	2a 95       	dec	r18
    147a:	e9 f7       	brne	.-6      	; 0x1476 <Hazard_Light_ALL_OFF+0x26>
    147c:	14 e0       	ldi	r17, 0x04	; 4
    147e:	1a 8b       	std	Y+18, r17	; 0x12
    1480:	22 e0       	ldi	r18, 0x02	; 2
    1482:	2b 8b       	std	Y+19, r18	; 0x13
    1484:	0e 94 b9 07 	call	0xf72	; 0xf72 <Timer1_Init>
    1488:	10 93 9c 00 	sts	0x009C, r17	; 0x80009c <oc1a_cmode>
    148c:	10 93 9b 00 	sts	0x009B, r17	; 0x80009b <oc1b_cmode>
    1490:	69 96       	adiw	r28, 0x19	; 25
    1492:	0f b6       	in	r0, 0x3f	; 63
    1494:	f8 94       	cli
    1496:	de bf       	out	0x3e, r29	; 62
    1498:	0f be       	out	0x3f, r0	; 63
    149a:	cd bf       	out	0x3d, r28	; 61
    149c:	df 91       	pop	r29
    149e:	cf 91       	pop	r28
    14a0:	1f 91       	pop	r17
    14a2:	08 95       	ret

000014a4 <Hazard_Light_Emergancy_ON>:
    14a4:	cf 93       	push	r28
    14a6:	df 93       	push	r29
    14a8:	cd b7       	in	r28, 0x3d	; 61
    14aa:	de b7       	in	r29, 0x3e	; 62
    14ac:	69 97       	sbiw	r28, 0x19	; 25
    14ae:	0f b6       	in	r0, 0x3f	; 63
    14b0:	f8 94       	cli
    14b2:	de bf       	out	0x3e, r29	; 62
    14b4:	0f be       	out	0x3f, r0	; 63
    14b6:	cd bf       	out	0x3d, r28	; 61
    14b8:	91 e0       	ldi	r25, 0x01	; 1
    14ba:	90 93 9c 00 	sts	0x009C, r25	; 0x80009c <oc1a_cmode>
    14be:	90 93 9b 00 	sts	0x009B, r25	; 0x80009b <oc1b_cmode>
    14c2:	fe 01       	movw	r30, r28
    14c4:	31 96       	adiw	r30, 0x01	; 1
    14c6:	89 e1       	ldi	r24, 0x19	; 25
    14c8:	df 01       	movw	r26, r30
    14ca:	1d 92       	st	X+, r1
    14cc:	8a 95       	dec	r24
    14ce:	e9 f7       	brne	.-6      	; 0x14ca <Hazard_Light_Emergancy_ON+0x26>
    14d0:	28 ea       	ldi	r18, 0xA8	; 168
    14d2:	31 e6       	ldi	r19, 0x61	; 97
    14d4:	3c 87       	std	Y+12, r19	; 0x0c
    14d6:	2b 87       	std	Y+11, r18	; 0x0b
    14d8:	3e 87       	std	Y+14, r19	; 0x0e
    14da:	2d 87       	std	Y+13, r18	; 0x0d
    14dc:	83 e0       	ldi	r24, 0x03	; 3
    14de:	8a 8b       	std	Y+18, r24	; 0x12
    14e0:	82 e0       	ldi	r24, 0x02	; 2
    14e2:	8b 8b       	std	Y+19, r24	; 0x13
    14e4:	9c 8b       	std	Y+20, r25	; 0x14
    14e6:	9d 8b       	std	Y+21, r25	; 0x15
    14e8:	cf 01       	movw	r24, r30
    14ea:	0e 94 b9 07 	call	0xf72	; 0xf72 <Timer1_Init>
    14ee:	69 96       	adiw	r28, 0x19	; 25
    14f0:	0f b6       	in	r0, 0x3f	; 63
    14f2:	f8 94       	cli
    14f4:	de bf       	out	0x3e, r29	; 62
    14f6:	0f be       	out	0x3f, r0	; 63
    14f8:	cd bf       	out	0x3d, r28	; 61
    14fa:	df 91       	pop	r29
    14fc:	cf 91       	pop	r28
    14fe:	08 95       	ret

00001500 <Hazard_Light_Emergancy_OFF>:
    1500:	cf 93       	push	r28
    1502:	df 93       	push	r29
    1504:	cd b7       	in	r28, 0x3d	; 61
    1506:	de b7       	in	r29, 0x3e	; 62
    1508:	69 97       	sbiw	r28, 0x19	; 25
    150a:	0f b6       	in	r0, 0x3f	; 63
    150c:	f8 94       	cli
    150e:	de bf       	out	0x3e, r29	; 62
    1510:	0f be       	out	0x3f, r0	; 63
    1512:	cd bf       	out	0x3d, r28	; 61
    1514:	10 92 9c 00 	sts	0x009C, r1	; 0x80009c <oc1a_cmode>
    1518:	10 92 9b 00 	sts	0x009B, r1	; 0x80009b <oc1b_cmode>
    151c:	ce 01       	movw	r24, r28
    151e:	01 96       	adiw	r24, 0x01	; 1
    1520:	29 e1       	ldi	r18, 0x19	; 25
    1522:	fc 01       	movw	r30, r24
    1524:	11 92       	st	Z+, r1
    1526:	2a 95       	dec	r18
    1528:	e9 f7       	brne	.-6      	; 0x1524 <Hazard_Light_Emergancy_OFF+0x24>
    152a:	23 e0       	ldi	r18, 0x03	; 3
    152c:	2a 8b       	std	Y+18, r18	; 0x12
    152e:	22 e0       	ldi	r18, 0x02	; 2
    1530:	2b 8b       	std	Y+19, r18	; 0x13
    1532:	0e 94 b9 07 	call	0xf72	; 0xf72 <Timer1_Init>
    1536:	94 e0       	ldi	r25, 0x04	; 4
    1538:	90 93 9c 00 	sts	0x009C, r25	; 0x80009c <oc1a_cmode>
    153c:	90 93 9b 00 	sts	0x009B, r25	; 0x80009b <oc1b_cmode>
    1540:	69 96       	adiw	r28, 0x19	; 25
    1542:	0f b6       	in	r0, 0x3f	; 63
    1544:	f8 94       	cli
    1546:	de bf       	out	0x3e, r29	; 62
    1548:	0f be       	out	0x3f, r0	; 63
    154a:	cd bf       	out	0x3d, r28	; 61
    154c:	df 91       	pop	r29
    154e:	cf 91       	pop	r28
    1550:	08 95       	ret

00001552 <__udivmodsi4>:
    1552:	a1 e2       	ldi	r26, 0x21	; 33
    1554:	1a 2e       	mov	r1, r26
    1556:	aa 1b       	sub	r26, r26
    1558:	bb 1b       	sub	r27, r27
    155a:	fd 01       	movw	r30, r26
    155c:	0d c0       	rjmp	.+26     	; 0x1578 <__udivmodsi4_ep>

0000155e <__udivmodsi4_loop>:
    155e:	aa 1f       	adc	r26, r26
    1560:	bb 1f       	adc	r27, r27
    1562:	ee 1f       	adc	r30, r30
    1564:	ff 1f       	adc	r31, r31
    1566:	a2 17       	cp	r26, r18
    1568:	b3 07       	cpc	r27, r19
    156a:	e4 07       	cpc	r30, r20
    156c:	f5 07       	cpc	r31, r21
    156e:	20 f0       	brcs	.+8      	; 0x1578 <__udivmodsi4_ep>
    1570:	a2 1b       	sub	r26, r18
    1572:	b3 0b       	sbc	r27, r19
    1574:	e4 0b       	sbc	r30, r20
    1576:	f5 0b       	sbc	r31, r21

00001578 <__udivmodsi4_ep>:
    1578:	66 1f       	adc	r22, r22
    157a:	77 1f       	adc	r23, r23
    157c:	88 1f       	adc	r24, r24
    157e:	99 1f       	adc	r25, r25
    1580:	1a 94       	dec	r1
    1582:	69 f7       	brne	.-38     	; 0x155e <__udivmodsi4_loop>
    1584:	60 95       	com	r22
    1586:	70 95       	com	r23
    1588:	80 95       	com	r24
    158a:	90 95       	com	r25
    158c:	9b 01       	movw	r18, r22
    158e:	ac 01       	movw	r20, r24
    1590:	bd 01       	movw	r22, r26
    1592:	cf 01       	movw	r24, r30
    1594:	08 95       	ret

00001596 <__tablejump2__>:
    1596:	ee 0f       	add	r30, r30
    1598:	ff 1f       	adc	r31, r31
    159a:	05 90       	lpm	r0, Z+
    159c:	f4 91       	lpm	r31, Z
    159e:	e0 2d       	mov	r30, r0
    15a0:	09 94       	ijmp

000015a2 <_exit>:
    15a2:	f8 94       	cli

000015a4 <__stop_program>:
    15a4:	ff cf       	rjmp	.-2      	; 0x15a4 <__stop_program>
